filename,face,body_part,symbol,icon,numerosity,human,monkey
acorn_01b,0,0,0,0,0,,
acorn_02n,0,0,0,0,1,,
acorn_03s,0,0,0,0,1,,
acorn_04s,0,0,0,0,1,,
acorn_05s,0,0,0,0,1,,
acorn_06s,0,0,0,0,1,,
acorn_07s,0,0,0,0,0,,
acorn_08s,0,0,0,0,1,,
acorn_09s,0,0,0,0,0,,
acorn_10s,0,0,0,0,1,,
acorn_11s,0,0,0,0,1,,
acorn_12s,0,0,0,0,0,,
airbag_01b,0,0,0,0,1,,
airbag_02s,0,0,0,0,0,,
airbag_03s,0,0,0,0,0,,
airbag_04s,0,0,0,0,0,,
airbag_05s,0,0,0,0,0,,
airbag_06s,0,0,0,0,0,,
airbag_07s,0,0,1,1,0,,
airbag_08s,0,0,0,0,0,,
airbag_09s,0,1,0,0,0,0,0
airbag_10s,0,0,0,0,0,,
airbag_11s,0,0,0,0,0,,
airbag_12s,0,1,0,0,0,0,0
aircraft_carrier_01b,0,0,0,0,0,,
aircraft_carrier_02s,0,0,0,0,0,,
aircraft_carrier_03s,0,0,0,0,1,,
aircraft_carrier_04s,0,0,0,0,0,,
aircraft_carrier_05s,0,0,0,0,1,,
aircraft_carrier_06s,0,0,1,0,0,,
aircraft_carrier_07s,0,0,0,0,0,,
aircraft_carrier_08s,0,0,0,0,0,,
aircraft_carrier_09s,0,0,0,0,0,,
aircraft_carrier_10s,0,0,0,0,0,,
aircraft_carrier_11s,0,0,0,0,0,,
aircraft_carrier_12s,0,0,0,0,0,,
airplane_01b,0,0,1,0,0,,
airplane_02n,0,0,1,0,0,,
airplane_03n,0,0,0,0,0,,
airplane_04n,0,0,1,0,0,,
airplane_05n,0,0,1,1,0,,
airplane_06n,0,0,1,0,0,,
airplane_07n,0,0,0,0,0,,
airplane_08n,0,0,1,0,0,,
airplane_09n,0,0,1,0,0,,
airplane_10n,0,0,0,0,0,,
airplane_11n,0,0,1,0,0,,
airplane_12n,0,0,1,0,0,,
alligator_01b,1,1,0,0,0,0,0
alligator_02s,1,1,0,0,0,0,0
alligator_03n,1,1,0,0,0,0,0
alligator_04s,1,1,0,0,0,0,0
alligator_05s,1,0,0,0,0,0,0
alligator_06s,1,1,0,0,0,0,0
alligator_07s,1,1,0,0,0,0,0
alligator_08s,1,1,0,0,0,0,0
alligator_09s,1,0,0,0,0,0,0
alligator_10s,1,1,0,0,0,0,0
alligator_11s,1,0,0,0,0,0,0
alligator_12s,1,1,0,0,0,0,0
aloe_01b,0,0,0,0,0,,
aloe_02s,0,0,0,0,0,,
aloe_03n,0,0,0,0,0,,
aloe_04s,0,0,0,0,0,,
aloe_05s,0,0,0,0,0,,
aloe_06s,0,0,0,0,0,,
aloe_07s,0,0,0,0,0,,
aloe_08n,0,0,0,0,0,,
aloe_09s,0,0,0,0,0,,
aloe_10s,0,0,0,0,0,,
aloe_11n,0,0,0,0,0,,
aloe_12n,0,0,0,0,0,,
altar_01b,0,0,0,0,0,,
altar_02s,0,0,0,1,0,,
altar_03s,0,0,0,0,0,,
altar_04s,0,0,0,0,0,,
altar_05s,0,0,0,0,0,,
altar_06s,0,0,0,0,0,,
altar_07s,0,0,0,0,1,,
altar_08s,0,0,0,1,0,,
altar_09s,0,0,0,0,0,,
altar_10s,0,0,1,0,0,,
altar_11n,0,0,0,0,0,,
altar_12s,0,0,0,0,0,,
aluminum_foil_01b,0,0,0,0,0,,
aluminum_foil_02s,0,0,0,0,0,,
aluminum_foil_03s,0,0,0,0,1,,
aluminum_foil_04s,0,0,0,0,0,,
aluminum_foil_05s,0,0,0,0,0,,
aluminum_foil_06s,0,0,0,0,0,,
aluminum_foil_07s,0,0,0,0,0,,
aluminum_foil_08s,0,0,0,0,0,,
aluminum_foil_09s,0,0,0,0,0,,
aluminum_foil_10s,0,0,0,0,0,,
aluminum_foil_11s,0,0,0,0,0,,
aluminum_foil_12s,0,0,0,0,0,,
anchor_01b,0,0,0,0,0,,
anchor_02s,0,0,0,0,0,,
anchor_03n,0,0,0,0,0,,
anchor_04s,0,0,0,0,0,,
anchor_05s,0,0,0,0,0,,
anchor_06s,0,0,0,0,0,,
anchor_07n,0,0,1,0,0,,
anchor_08s,0,0,0,0,0,,
anchor_09s,0,0,0,0,0,,
anchor_10s,0,0,0,0,0,,
anchor_11n,0,0,0,0,0,,
anchor_12s,0,0,0,0,0,,
anklet_01b,0,1,0,1,1,1,0
anklet_02s,0,1,0,0,0,1,0
anklet_03s,0,1,0,0,0,1,0
anklet_04s,0,1,0,0,0,1,0
anklet_05s,0,1,0,0,0,1,0
anklet_06s,0,1,0,0,0,1,0
anklet_07s,0,1,1,0,0,1,0
anklet_08s,0,1,0,0,0,1,0
anklet_09s,0,1,0,0,0,1,0
anklet_10s,0,1,0,0,0,1,0
anklet_11s,0,1,0,0,0,1,0
anklet_12s,0,1,0,0,0,1,0
ant_01b,0,0,0,0,0,,
ant_02s,0,0,0,0,0,,
ant_03s,0,0,0,0,1,,
ant_04s,0,0,0,0,1,,
ant_05s,0,0,0,0,1,,
ant_06s,0,0,0,0,1,,
ant_07s,0,0,0,0,0,,
ant_08s,0,0,0,0,1,,
ant_09s,0,0,0,0,0,,
ant_10s,0,0,0,0,1,,
ant_11s,0,0,0,0,0,,
ant_12s,0,0,0,0,0,,
anteater_01b,1,1,0,0,0,0,0
anteater_02n,1,1,0,0,0,0,0
anteater_03s,1,0,0,0,0,0,0
anteater_04s,0,1,0,0,0,0,0
anteater_05s,1,0,0,0,0,0,0
anteater_06s,1,0,0,0,0,0,0
anteater_07n,1,1,0,0,0,0,0
anteater_08s,1,1,0,0,0,0,0
anteater_09s,1,1,0,0,0,0,0
anteater_10s,1,1,0,0,0,0,0
anteater_11s,1,1,0,0,0,0,0
anteater_12s,1,1,0,0,0,0,0
antelope_01b,1,1,0,0,0,0,0
antelope_02n,1,1,0,0,0,0,0
antelope_03n,1,1,0,0,0,0,0
antelope_04n,1,1,0,0,0,0,0
antelope_05n,1,1,0,0,0,0,0
antelope_06n,1,1,0,0,0,0,0
antelope_07n,1,1,0,0,0,0,0
antelope_08n,1,0,0,0,0,0,0
antelope_09n,0,0,0,0,0,,
antelope_10n,1,1,0,0,0,0,0
antelope_11s,1,1,0,0,0,0,0
antelope_12n,1,1,0,0,0,0,0
antenna_01b,0,0,0,0,0,,
antenna_02s,0,0,0,0,0,,
antenna_03n,0,0,1,0,1,,
antenna_04n,0,0,0,0,0,,
antenna_05s,0,0,0,0,0,,
antenna_06s,0,0,0,0,1,,
antenna_07s,0,0,0,0,1,,
antenna_08n,0,0,0,0,1,,
antenna_09s,0,0,0,0,0,,
antenna_10n,0,0,0,0,1,,
antenna_11s,0,0,0,0,0,,
antenna_12s,0,0,0,0,0,,
anvil_01b,0,0,0,0,0,,
anvil_02s,0,0,0,0,0,,
anvil_03s,0,0,1,0,0,,
anvil_04s,0,0,0,0,0,,
anvil_05s,0,0,0,0,1,,
anvil_06s,0,0,0,0,0,,
anvil_07n,0,0,0,1,0,,
anvil_08n,0,0,0,0,0,,
anvil_09s,0,0,0,0,0,,
anvil_10s,0,0,0,0,0,,
anvil_11s,0,0,0,0,0,,
anvil_12n,0,0,1,0,0,,
apple_01b,0,0,0,0,0,,
apple_02s,0,0,0,0,1,,
apple_03s,0,0,0,0,1,,
apple_04s,0,0,0,0,1,,
apple_05s,0,0,0,0,1,,
apple_06s,0,0,0,0,0,,
apple_07s,0,0,0,0,1,,
apple_08s,0,0,0,0,0,,
apple_09s,0,0,0,0,1,,
apple_10s,0,0,0,0,0,,
apple_11s,0,0,0,0,0,,
apple_12s,0,0,0,0,1,,
applesauce_01b,0,0,0,0,0,,
applesauce_02s,0,0,0,0,0,,
applesauce_03s,0,0,0,0,0,,
applesauce_04s,0,0,0,0,1,,
applesauce_05s,0,0,0,0,0,,
applesauce_06s,0,0,0,0,0,,
applesauce_07s,0,0,0,0,0,,
applesauce_08s,0,0,0,0,0,,
applesauce_09s,0,0,0,1,0,,
applesauce_10s,0,0,0,0,0,,
applesauce_11s,0,0,0,0,0,,
applesauce_12s,0,0,0,0,0,,
artichoke_01b,0,0,0,0,0,,
artichoke_02s,0,0,0,0,1,,
artichoke_03n,0,0,0,0,0,,
artichoke_04s,0,0,0,0,0,,
artichoke_05n,0,0,0,0,0,,
artichoke_06s,0,0,0,0,0,,
artichoke_07n,0,0,0,0,0,,
artichoke_08n,0,0,0,0,1,,
artichoke_09s,0,0,0,0,0,,
artichoke_10s,0,0,0,0,1,,
artichoke_11s,0,0,0,0,1,,
artichoke_12s,0,0,0,0,0,,
ashtray_01s,0,0,0,0,0,,
ashtray_02s,0,0,0,0,0,,
ashtray_03n,0,0,0,1,0,,
ashtray_04s,0,0,0,0,0,,
ashtray_05s,0,0,0,0,0,,
ashtray_06s,0,0,1,1,0,,
ashtray_07n,0,0,0,0,0,,
ashtray_08s,0,0,0,0,0,,
ashtray_09s,0,0,0,1,0,,
ashtray_10s,0,0,0,0,0,,
ashtray_11s,0,0,0,0,0,,
ashtray_12s,0,0,1,0,0,,
asparagus_01b,0,0,0,0,1,,
asparagus_02n,0,0,0,0,1,,
asparagus_03s,0,0,0,0,1,,
asparagus_04s,0,0,0,0,1,,
asparagus_05n,0,0,0,0,1,,
asparagus_06s,0,0,0,0,1,,
asparagus_07s,0,0,0,0,1,,
asparagus_08s,0,0,0,0,1,,
asparagus_09s,0,0,0,0,1,,
asparagus_10s,0,0,0,0,1,,
asparagus_11s,0,0,0,0,1,,
asparagus_12s,0,0,0,0,1,,
avocado_01b,0,0,0,0,1,,
avocado_02s,0,0,0,0,1,,
avocado_03s,0,0,0,0,1,,
avocado_04s,0,0,0,0,0,,
avocado_05s,0,0,0,0,0,,
avocado_06s,0,0,0,0,1,,
avocado_07s,0,0,0,0,1,,
avocado_08s,0,0,0,0,1,,
avocado_09s,0,0,0,0,1,,
avocado_10s,0,0,0,0,1,,
avocado_11s,0,0,0,0,1,,
avocado_12s,0,0,0,0,1,,
axe_01b,0,0,0,1,0,,
axe_02n,0,0,1,0,0,,
axe_03n,0,0,0,1,0,,
axe_04n,0,0,0,0,0,,
axe_05n,0,0,0,0,0,,
axe_06n,0,0,0,0,0,,
axe_07n,0,0,1,1,0,,
axe_08n,0,0,1,1,0,,
axe_09n,0,0,1,0,0,,
axe_10n,0,0,0,0,0,,
axe_11n,0,0,1,0,0,,
axe_12n,0,0,1,1,0,,
baby_01b,0,0,1,1,0,,
baby_02s,0,0,0,0,0,,
baby_03s,0,0,1,0,0,,
baby_04s,0,0,1,0,0,,
baby_05s,0,0,0,0,0,,
baby_06s,0,0,0,0,0,,
baby_07s,0,0,0,0,0,,
baby_08s,0,0,0,0,0,,
baby_09s,0,0,0,0,0,,
baby_10s,0,0,0,0,0,,
baby_11s,0,0,0,0,0,,
baby_12s,0,0,0,0,0,,
backpack_01b,0,0,1,1,0,,
backpack_02s,0,0,1,0,0,,
backpack_03s,0,0,0,0,0,,
backpack_04s,0,0,1,1,0,,
backpack_05s,0,0,0,1,0,,
backpack_06s,0,0,0,0,0,,
backpack_07s,0,0,1,0,0,,
backpack_08s,0,0,0,0,0,,
backpack_09s,0,0,0,0,0,,
backpack_10s,0,0,1,1,0,,
backpack_11s,0,0,0,0,0,,
backpack_12s,0,0,1,0,0,,
bag_01b,0,0,0,1,0,,
bag_02s,0,0,0,1,0,,
bag_03s,0,0,0,1,0,,
bag_04s,0,0,0,0,0,,
bag_05s,0,0,0,1,0,,
bag_06s,0,0,1,0,0,,
bag_07s,0,0,0,0,0,,
bag_08s,0,0,0,0,0,,
bag_09s,0,0,0,0,0,,
bag_10s,0,0,1,0,0,,
bag_11s,0,0,1,0,0,,
bag_12s,0,0,0,1,0,,
bagel_01s,0,0,0,0,1,,
bagel_02n,0,0,0,0,1,,
bagel_03s,0,0,0,0,1,,
bagel_04s,0,0,0,0,1,,
bagel_05s,0,0,0,0,1,,
bagel_06s,0,0,0,0,1,,
bagel_07s,0,0,0,0,1,,
bagel_08s,0,0,0,0,1,,
bagel_09s,0,0,0,0,1,,
bagel_10s,0,0,0,0,1,,
bagel_11s,0,0,0,0,1,,
bagel_12s,0,0,0,0,1,,
ball_01b,0,0,0,1,0,,
ball_02s,0,0,0,0,0,,
ball_03s,0,0,0,0,0,,
ball_04s,0,0,0,0,0,,
ball_05s,0,0,0,0,0,,
ball_06s,0,0,0,0,1,,
ball_07s,0,0,0,0,0,,
ball_08s,0,0,0,0,1,,
ball_09s,0,0,1,0,1,,
ball_10s,0,0,0,0,0,,
ball_11s,0,0,0,0,0,,
ball_12s,0,0,0,1,1,,
balloon_01b,0,0,0,0,1,,
balloon_02s,0,0,0,0,1,,
balloon_03s,0,0,0,1,1,,
balloon_04s,0,0,0,0,0,,
balloon_05s,0,0,1,0,0,,
balloon_06s,0,0,0,0,1,,
balloon_07s,0,0,0,0,1,,
balloon_08s,0,0,0,0,1,,
balloon_09s,0,0,0,0,1,,
balloon_10s,0,0,0,0,1,,
balloon_11s,0,0,0,0,0,,
balloon_12s,0,0,0,0,1,,
bamboo_01b,0,0,0,0,1,,
bamboo_02s,0,0,0,0,1,,
bamboo_03s,0,0,0,0,1,,
bamboo_04n,0,0,0,0,1,,
bamboo_05n,0,0,0,0,1,,
bamboo_06s,0,0,0,0,1,,
bamboo_07s,0,0,0,0,1,,
bamboo_08s,0,0,0,0,1,,
bamboo_09s,0,0,0,0,1,,
bamboo_10s,0,0,0,0,1,,
bamboo_11s,0,0,0,0,1,,
bamboo_12s,0,0,0,0,1,,
banana_01b,0,0,0,0,0,,
banana_02s,0,0,0,0,0,,
banana_03s,0,0,0,0,1,,
banana_04s,0,0,1,1,1,,
banana_05s,0,0,0,1,1,,
banana_06s,0,0,0,0,1,,
banana_07s,0,0,0,0,1,,
banana_08s,0,0,0,0,1,,
banana_09s,0,0,1,1,1,,
banana_10s,0,0,0,0,1,,
banana_11s,0,0,0,0,1,,
banana_12s,0,0,0,0,1,,
banana_split_01b,0,0,0,0,0,,
banana_split_02s,0,0,0,0,0,,
banana_split_03s,0,0,0,0,0,,
banana_split_04s,0,0,0,0,0,,
banana_split_05s,0,0,0,0,0,,
banana_split_06s,0,0,0,0,1,,
banana_split_07s,0,0,0,0,0,,
banana_split_08s,0,0,0,0,0,,
banana_split_09s,0,0,0,0,1,,
banana_split_10s,0,0,0,0,0,,
banana_split_11s,0,0,0,0,1,,
banana_split_12s,0,0,0,0,0,,
bandage_01b,0,0,0,0,0,,
bandage_02s,0,0,1,1,1,,
bandage_03s,0,0,0,0,0,,
bandage_04s,0,0,0,0,0,,
bandage_05s,0,0,0,0,0,,
bandage_06s,0,0,0,0,0,,
bandage_07s,0,0,0,0,0,,
bandage_08s,0,0,0,0,0,,
bandage_09s,0,0,0,0,0,,
bandage_10s,0,0,0,0,0,,
bandage_11s,0,0,0,0,0,,
bandage_12s,0,0,0,0,0,,
banner_01b,0,0,1,0,0,,
banner_02s,0,0,1,0,0,,
banner_03s,0,0,1,1,0,,
banner_04s,0,0,1,1,0,,
banner_05s,0,0,1,0,0,,
banner_06s,0,0,1,1,0,,
banner_07s,0,0,1,1,1,,
banner_08s,0,0,1,0,0,,
banner_09s,0,0,1,0,0,,
banner_10n,0,0,1,0,0,,
banner_11s,0,0,1,0,0,,
banner_12s,0,0,1,0,0,,
barnacle_01s,0,0,0,0,1,,
barnacle_02s,0,0,0,0,0,,
barnacle_03s,0,0,0,0,1,,
barnacle_04n,0,0,0,0,1,,
barnacle_05s,0,0,0,0,1,,
barnacle_06n,0,0,0,0,0,,
barnacle_07s,0,0,0,0,1,,
barnacle_08s,0,0,0,0,1,,
barnacle_09s,0,0,0,0,1,,
barnacle_10n,0,0,0,0,1,,
barnacle_11s,0,0,0,0,1,,
barnacle_12n,0,0,0,0,0,,
barrel_01b,0,0,0,0,0,,
barrel_02s,0,0,1,0,0,,
barrel_03s,0,0,0,0,1,,
barrel_04s,0,0,0,0,0,,
barrel_05s,0,0,0,0,1,,
barrel_06s,0,0,0,0,0,,
barrel_07s,0,0,0,0,1,,
barrel_08s,0,0,0,0,1,,
barrel_09s,0,0,0,0,0,,
barrel_10s,0,0,1,0,0,,
barrel_11s,0,0,0,0,1,,
barrel_12s,0,0,0,0,0,,
basket_01b,0,0,0,0,0,,
basket_02s,0,0,0,0,0,,
basket_03s,0,0,0,0,0,,
basket_04s,0,0,0,0,0,,
basket_05s,0,0,0,0,0,,
basket_06s,0,0,0,0,0,,
basket_07s,0,0,1,0,0,,
basket_08s,0,0,0,0,0,,
basket_09s,0,0,0,0,0,,
basket_10s,0,0,0,0,0,,
basket_11s,0,0,0,0,0,,
basket_12s,0,0,0,0,0,,
bassinet_01b,0,0,0,0,0,,
bassinet_02s,0,0,0,1,0,,
bassinet_03s,0,0,1,0,0,,
bassinet_04s,0,0,0,0,0,,
bassinet_05s,0,0,1,0,0,,
bassinet_06s,0,0,0,0,0,,
bassinet_07s,0,0,1,0,0,,
bassinet_08s,0,0,0,1,0,,
bassinet_09s,0,0,0,0,0,,
bassinet_10s,0,0,0,1,0,,
bassinet_11s,0,0,0,0,0,,
bassinet_12s,0,0,0,0,0,,
battery_01b,0,0,1,1,0,,
battery_02s,0,0,1,1,1,,
battery_03n,0,0,1,0,1,,
battery_04n,0,0,1,0,1,,
battery_05n,0,0,1,0,1,,
battery_06s,0,0,1,0,1,,
battery_07s,0,0,1,1,1,,
battery_08s,0,0,1,1,1,,
battery_09n,0,0,1,1,1,,
battery_10s,0,0,0,1,0,,
battery_11s,0,0,1,1,1,,
battery_12s,0,0,1,1,1,,
beachball_01b,0,0,0,0,0,,
beachball_02s,0,0,0,0,0,,
beachball_03s,0,0,0,0,0,,
beachball_04s,0,0,0,0,0,,
beachball_05s,0,0,0,0,0,,
beachball_06s,0,0,0,0,0,,
beachball_07s,0,0,0,0,0,,
beachball_08s,0,0,0,0,1,,
beachball_09s,0,0,0,0,1,,
beachball_10s,0,0,0,0,1,,
beachball_11s,0,0,0,0,0,,
beachball_12s,0,0,0,0,1,,
beaker_01b,0,0,1,1,0,,
beaker_02s,0,0,1,1,1,,
beaker_03s,0,0,1,0,0,,
beaker_04s,0,0,1,1,0,,
beaker_05n,0,0,1,1,1,,
beaker_06s,0,0,1,0,0,,
beaker_07s,0,0,1,1,1,,
beaker_08s,0,0,1,1,1,,
beaker_09s,0,0,1,1,0,,
beaker_10s,0,0,1,1,1,,
beaker_11s,0,0,1,1,1,,
beaker_12s,0,0,1,1,0,,
bean_01b,0,0,0,0,1,,
bean_02s,0,0,0,0,1,,
bean_03s,0,0,0,0,1,,
bean_04s,0,0,0,0,1,,
bean_05s,0,0,0,0,1,,
bean_06s,0,0,0,0,1,,
bean_07s,0,0,0,0,1,,
bean_08s,0,0,0,0,1,,
bean_09s,0,0,0,0,1,,
bean_10s,0,0,0,0,1,,
bean_11s,0,0,0,0,1,,
bean_12s,0,0,0,0,1,,
bear_01b,1,1,0,0,0,0,0
bear_02s,1,1,0,0,0,0,0
bear_03s,1,1,0,0,0,0,0
bear_04s,1,1,0,0,0,0,0
bear_05s,1,1,0,0,0,0,0
bear_06n,1,1,0,0,0,0,0
bear_07s,0,1,0,0,0,0,0
bear_08s,1,1,0,0,0,0,0
bear_09s,1,1,0,0,0,0,0
bear_10s,1,1,0,0,0,0,0
bear_11s,1,1,0,0,0,0,0
bear_12s,1,1,0,0,0,0,0
beaver_01b,1,1,0,0,0,0,0
beaver_02s,1,1,0,0,0,0,0
beaver_03s,1,1,0,0,0,0,0
beaver_04s,1,1,0,0,0,0,0
beaver_05s,1,1,0,0,0,0,0
beaver_06s,1,1,0,0,0,0,0
beaver_07s,1,1,0,0,0,0,0
beaver_08s,1,1,0,0,0,0,0
beaver_09s,1,1,0,0,0,0,0
beaver_10s,1,1,0,0,0,0,0
beaver_11n,1,1,0,0,0,0,0
beaver_12s,1,1,0,0,0,0,0
bed_01b,0,0,0,0,1,,
bed_02s,0,0,0,0,0,,
bed_03s,0,0,0,0,0,,
bed_04s,0,0,0,0,1,,
bed_05n,0,0,0,0,0,,
bed_06n,0,0,0,0,0,,
bed_07n,0,0,0,0,0,,
bed_08s,0,0,0,0,0,,
bed_09n,0,0,1,0,0,,
bed_10s,0,0,0,0,0,,
bed_11n,0,0,0,0,0,,
bed_12s,0,0,0,1,0,,
bee_01b,0,0,0,0,0,,
bee_02s,0,0,0,0,0,,
bee_03s,0,0,0,0,0,,
bee_04s,0,0,0,0,0,,
bee_05s,0,0,0,0,1,,
bee_06s,0,0,0,0,0,,
bee_07s,0,0,0,0,1,,
bee_08s,0,0,0,0,0,,
bee_09s,0,0,0,0,0,,
bee_10s,0,0,0,0,0,,
bee_11s,0,0,0,0,1,,
bee_12s,0,0,0,0,0,,
beer_01s,0,0,0,0,1,,
beer_02s,0,0,0,0,1,,
beer_03s,0,0,1,1,0,,
beer_04s,0,0,0,0,0,,
beer_05s,0,0,0,0,0,,
beer_06s,0,0,0,0,0,,
beer_07s,0,0,0,0,0,,
beer_08s,0,0,0,0,1,,
beer_09s,0,0,0,0,1,,
beer_10s,0,0,0,0,0,,
beer_11s,0,0,0,0,0,,
beer_12s,0,0,0,0,1,,
beet_01b,0,0,0,0,1,,
beet_02s,0,0,0,0,1,,
beet_03s,0,0,0,0,1,,
beet_04s,0,0,0,0,1,,
beet_05s,0,0,0,0,1,,
beet_06s,0,0,0,0,1,,
beet_07s,0,0,0,0,1,,
beet_08s,0,0,0,0,1,,
beet_09s,0,0,0,0,1,,
beet_10s,0,0,0,0,1,,
beet_11s,0,0,0,0,1,,
beet_12s,0,0,0,0,1,,
beetle_01b,0,0,0,0,0,,
beetle_02n,0,0,0,0,0,,
beetle_03s,0,0,0,0,0,,
beetle_04s,0,0,0,0,0,,
beetle_05n,0,0,0,0,0,,
beetle_06s,0,0,0,0,0,,
beetle_07n,0,0,0,0,0,,
beetle_08n,0,0,0,0,0,,
beetle_09s,0,0,0,0,0,,
beetle_10s,0,0,0,0,0,,
beetle_11s,0,0,0,0,0,,
beetle_12s,0,0,0,0,0,,
bell_01b,0,0,0,0,0,,
bell_02s,0,0,0,0,0,,
bell_03s,0,0,1,0,0,,
bell_04s,0,0,0,0,0,,
bell_05n,0,0,0,0,0,,
bell_06s,0,0,1,0,0,,
bell_07s,0,0,1,0,0,,
bell_08s,0,0,1,0,0,,
bell_09n,0,0,1,0,0,,
bell_10s,0,0,0,1,1,,
bell_11s,0,0,1,0,0,,
bell_12s,0,0,1,0,0,,
bench_01b,0,0,0,0,0,,
bench_02s,0,0,0,0,0,,
bench_03s,0,0,0,0,0,,
bench_04s,0,0,0,0,0,,
bench_05s,0,0,0,0,0,,
bench_06s,0,0,0,0,0,,
bench_07s,0,0,0,0,0,,
bench_08s,0,0,0,0,0,,
bench_09s,0,0,0,0,0,,
bench_10s,0,0,0,0,0,,
bench_11s,0,0,0,0,0,,
bench_12s,0,0,0,0,0,,
bib_01n,0,0,1,0,0,,
bib_02s,0,0,0,1,0,,
bib_03s,0,0,0,1,0,,
bib_04s,0,0,0,1,0,,
bib_05s,0,0,1,0,0,,
bib_06s,0,0,0,1,0,,
bib_07s,0,0,1,1,0,,
bib_08s,0,0,0,0,0,,
bib_09s,0,0,0,1,0,,
bib_10n,0,0,0,1,0,,
bib_11s,0,0,0,1,0,,
bib_12s,0,0,0,1,0,,
bike_01b,0,0,1,1,0,,
bike_02s,0,0,0,1,0,,
bike_03s,0,0,1,0,0,,
bike_04s,0,0,1,0,0,,
bike_05s,0,0,0,0,1,,
bike_06s,0,0,0,0,0,,
bike_07s,0,0,1,0,0,,
bike_08s,0,0,1,0,0,,
bike_09s,0,0,1,0,0,,
bike_10s,0,0,0,0,0,,
bike_11s,0,0,0,0,0,,
bike_12n,0,0,0,0,0,,
binoculars_01s,0,0,0,0,0,,
binoculars_02s,0,0,1,0,0,,
binoculars_03s,0,0,1,0,0,,
binoculars_04s,0,0,1,0,0,,
binoculars_05s,0,0,1,0,0,,
binoculars_06s,0,0,0,0,0,,
binoculars_07s,0,0,0,0,0,,
binoculars_08s,0,0,0,0,0,,
binoculars_09s,0,0,1,0,0,,
binoculars_10s,0,0,1,0,0,,
binoculars_11n,0,0,0,1,0,,
binoculars_12s,0,0,0,0,0,,
bird_01b,0,0,0,0,0,,
bird_02s,0,0,0,0,0,,
bird_03s,0,0,0,0,0,,
bird_04s,0,0,0,0,0,,
bird_05s,0,0,0,0,0,,
bird_06s,0,0,0,0,0,,
bird_07s,0,0,0,0,0,,
bird_08s,0,0,0,0,0,,
bird_09s,0,0,0,0,0,,
bird_10s,0,0,0,0,0,,
bird_11s,0,0,0,0,0,,
bird_12s,0,0,0,0,0,,
birdcage_01b,0,0,0,0,1,,
birdcage_02s,0,0,0,1,0,,
birdcage_03s,0,0,0,0,0,,
birdcage_04s,0,0,0,0,0,,
birdcage_05s,0,0,0,0,0,,
birdcage_06s,0,0,0,0,0,,
birdcage_07s,0,0,1,0,0,,
birdcage_08s,0,0,0,0,0,,
birdcage_09s,0,0,0,0,0,,
birdcage_10s,0,0,1,0,0,,
birdcage_11s,0,0,0,0,0,,
birdcage_12s,0,0,0,0,0,,
birdhouse_01b,0,0,0,0,0,,
birdhouse_02s,0,0,0,0,0,,
birdhouse_03s,0,0,0,0,0,,
birdhouse_04s,0,0,0,0,0,,
birdhouse_05s,0,0,0,0,0,,
birdhouse_06s,0,0,0,0,0,,
birdhouse_07s,0,0,0,1,0,,
birdhouse_08s,0,0,0,0,0,,
birdhouse_09s,0,0,0,0,0,,
birdhouse_10s,0,0,0,0,0,,
birdhouse_11s,0,0,0,0,0,,
birdhouse_12s,0,0,0,0,0,,
bison_01b,0,1,0,0,0,0,0
bison_02s,1,1,0,0,0,0,0
bison_03n,0,1,0,0,0,0,0
bison_04n,1,1,0,0,0,0,0
bison_05s,1,1,0,0,0,0,0
bison_06s,1,1,0,0,0,0,0
bison_07n,1,1,0,0,0,0,0
bison_08s,1,1,0,0,0,0,0
bison_09s,1,1,0,0,0,0,0
bison_10s,1,1,0,0,0,0,0
bison_11s,1,1,0,0,0,0,0
bison_12s,1,1,0,0,0,0,0
blackberry_01b,0,0,0,0,1,,
blackberry_02n,0,0,0,0,1,,
blackberry_03s,0,0,0,0,1,,
blackberry_04s,0,0,0,0,1,,
blackberry_05s,0,0,0,0,1,,
blackberry_06s,0,0,0,0,1,,
blackberry_07s,0,0,0,0,1,,
blackberry_08s,0,0,0,0,1,,
blackberry_09n,0,0,0,0,1,,
blackberry_10s,0,0,0,0,1,,
blackberry_11s,0,0,0,0,1,,
blackberry_12s,0,0,0,0,1,,
blanket_01b,0,0,0,1,0,,
blanket_02s,0,0,0,1,0,,
blanket_03s,0,0,0,0,0,,
blanket_04s,0,0,0,0,1,,
blanket_05s,0,0,0,0,0,,
blanket_06s,0,0,0,0,0,,
blanket_07s,0,0,0,0,0,,
blanket_08s,0,0,0,0,0,,
blanket_09s,0,0,0,0,0,,
blanket_10s,0,0,0,0,0,,
blanket_11n,0,0,0,0,0,,
blanket_12s,0,0,0,1,0,,
blazer_01b,0,0,1,0,0,,
blazer_02s,0,0,0,0,0,,
blazer_03s,0,0,0,0,0,,
blazer_04s,0,0,0,0,0,,
blazer_05s,0,0,0,0,0,,
blazer_06s,0,0,0,0,0,,
blazer_07s,0,0,0,0,0,,
blazer_08s,0,0,0,0,0,,
blazer_09s,0,0,0,0,0,,
blazer_10s,0,1,0,0,0,1,0
blazer_11s,0,0,1,0,0,,
blazer_12s,0,1,0,0,0,1,0
blender_01b,0,0,0,0,0,,
blender_02s,0,0,1,0,0,,
blender_03s,0,0,1,1,0,,
blender_04s,0,0,1,0,0,,
blender_05s,0,0,1,0,0,,
blender_06s,0,0,1,0,0,,
blender_07s,0,0,1,0,0,,
blender_08s,0,0,1,0,0,,
blender_09s,0,0,1,1,0,,
blender_10s,0,0,0,0,0,,
blender_11s,0,0,1,1,0,,
blender_12s,0,0,0,0,0,,
blimp_01b,0,0,1,0,0,,
blimp_02n,0,0,0,1,0,,
blimp_03n,0,0,1,0,0,,
blimp_04n,0,0,1,1,0,,
blimp_05s,0,0,1,1,0,,
blimp_06s,0,0,1,0,0,,
blimp_07s,0,0,1,0,0,,
blimp_08n,0,0,0,0,0,,
blimp_09s,0,0,1,1,0,,
blimp_10s,0,0,1,0,0,,
blimp_11n,0,0,1,0,0,,
blimp_12s,0,0,1,0,0,,
blind_01b,0,0,0,0,0,,
blind_02s,0,0,0,0,0,,
blind_03s,0,0,0,0,0,,
blind_04s,0,0,0,0,0,,
blind_05s,0,0,0,0,0,,
blind_06s,0,0,0,0,0,,
blind_07s,0,0,0,0,0,,
blind_08s,0,0,0,0,0,,
blind_09s,0,0,0,0,0,,
blind_10s,0,0,0,0,0,,
blind_11s,0,0,0,0,0,,
blind_12s,0,0,0,0,0,,
blowtorch_01b,0,0,0,0,0,,
blowtorch_02s,0,0,1,0,0,,
blowtorch_03s,0,0,1,0,0,,
blowtorch_04s,0,0,1,0,0,,
blowtorch_05s,0,0,1,0,0,,
blowtorch_06s,0,0,1,0,0,,
blowtorch_07s,0,0,1,0,0,,
blowtorch_08s,0,0,1,1,0,,
blowtorch_09s,0,0,1,0,0,,
blowtorch_10s,0,1,1,0,0,1,0
blowtorch_11s,0,1,0,1,0,1,0
blowtorch_12n,0,1,0,0,0,1,0
blueberry_01b,0,0,0,0,1,,
blueberry_02s,0,0,0,0,1,,
blueberry_03s,0,0,0,0,1,,
blueberry_04n,0,0,0,0,1,,
blueberry_05s,0,0,0,0,1,,
blueberry_06n,0,0,0,0,1,,
blueberry_07s,0,0,0,0,1,,
blueberry_08s,0,0,0,0,1,,
blueberry_09s,0,0,0,0,1,,
blueberry_10s,0,0,0,0,1,,
blueberry_11n,0,0,0,0,1,,
blueberry_12n,0,0,0,0,1,,
boa_01s,0,1,0,0,0,0,0
boa_02s,0,1,0,0,0,1,0
boa_03s,0,0,0,0,0,,
boa_04s,0,0,1,0,0,,
boa_05s,0,0,0,0,0,,
boa_06s,0,0,0,0,0,,
boa_07s,0,0,0,0,0,,
boa_08s,0,0,0,0,0,,
boa_09s,0,0,0,0,0,,
boa_10s,0,1,0,0,0,1,0
boa_11s,0,1,0,0,0,0,0
boa_12s,0,0,0,0,0,,
boar_01b,1,1,0,0,0,0,0
boar_02s,1,1,0,0,0,0,0
boar_03s,1,1,0,0,0,0,0
boar_04s,1,1,0,0,0,0,0
boar_05s,1,1,0,0,0,0,0
boar_06s,1,1,0,0,0,0,0
boar_07s,1,1,0,0,0,0,0
boar_08s,1,1,0,0,0,0,0
boar_09s,1,1,0,0,0,0,0
boar_10s,1,1,0,0,0,0,0
boar_11s,0,1,0,0,0,0,0
boar_12s,0,1,0,0,0,0,0
boat_01b,0,0,0,0,0,,
boat_02s,0,0,1,1,0,,
boat_03s,0,0,0,0,0,,
boat_04s,0,0,1,0,0,,
boat_05s,0,0,0,0,0,,
boat_06n,0,0,0,0,0,,
boat_07n,0,0,1,1,0,,
boat_08s,0,0,0,0,0,,
boat_09s,0,0,0,0,0,,
boat_10s,0,0,0,0,0,,
boat_11n,0,0,1,0,0,,
boat_12s,0,0,1,1,0,,
bobsled_01s,0,0,1,1,0,,
bobsled_02s,0,0,1,0,0,,
bobsled_03s,0,0,1,1,0,,
bobsled_04s,0,0,1,1,0,,
bobsled_05s,0,0,1,1,0,,
bobsled_06s,1,1,1,1,0,1,0
bobsled_07s,0,1,1,1,0,1,0
bobsled_08s,0,1,1,0,0,1,0
bobsled_09s,0,0,1,1,0,,
bobsled_10s,0,0,1,1,0,,
bobsled_11s,1,0,1,0,0,1,0
bobsled_12s,0,0,1,1,0,,
bolt_01b,0,0,0,0,0,,
bolt_02s,0,0,0,0,0,,
bolt_03s,0,0,0,0,1,,
bolt_04s,0,0,0,0,1,,
bolt_05s,0,0,0,0,1,,
bolt_06s,0,0,0,0,0,,
bolt_07n,0,0,0,0,0,,
bolt_08n,0,0,0,0,1,,
bolt_09s,0,0,0,0,0,,
bolt_10n,0,0,0,0,0,,
bolt_11s,0,0,0,0,1,,
bolt_12s,0,0,0,0,1,,
book_01b,0,0,1,1,1,,
book_02s,0,0,0,0,1,,
book_03s,0,0,0,0,1,,
book_04s,0,0,0,0,0,,
book_05s,0,0,1,1,1,,
book_06s,0,0,0,0,1,,
book_07s,0,0,0,0,0,,
book_08s,0,0,0,0,0,,
book_09s,0,0,0,0,1,,
book_10s,0,0,1,1,0,,
book_11s,0,0,0,0,0,,
book_12s,0,0,0,0,0,,
boot_01b,0,0,0,0,1,,
boot_02s,0,1,0,0,1,1,0
boot_03s,0,0,0,0,1,,
boot_04s,0,0,0,0,0,,
boot_05s,0,1,0,0,1,1,0
boot_06s,0,0,0,0,1,,
boot_07s,0,1,0,0,1,1,0
boot_08s,0,1,0,0,1,1,0
boot_09s,0,1,0,0,1,1,0
boot_10s,0,1,0,0,1,1,0
boot_11s,0,1,0,0,1,1,0
boot_12s,0,1,0,0,1,1,0
bottle_01b,0,0,0,0,1,,
bottle_02n,0,0,1,0,0,,
bottle_03s,0,0,0,0,1,,
bottle_04s,0,0,0,0,0,,
bottle_05s,0,0,0,0,0,,
bottle_06s,0,0,0,0,0,,
bottle_07s,0,0,0,0,0,,
bottle_08s,0,0,1,0,0,,
bottle_09s,0,0,0,0,0,,
bottle_10s,0,0,1,0,0,,
bottle_11s,0,0,0,0,1,,
bottle_12s,0,0,1,1,0,,
bow2_01s,0,0,0,0,0,,
bow2_02s,0,0,0,0,0,,
bow2_03s,0,0,0,0,0,,
bow2_04s,0,0,0,0,0,,
bow2_05s,0,0,0,0,0,,
bow2_06s,0,0,0,0,0,,
bow2_07s,0,0,0,0,0,,
bow2_08s,0,0,0,0,1,,
bow2_09s,0,0,0,0,1,,
bow2_10s,0,0,0,0,0,,
bow2_11s,0,0,0,0,0,,
bow2_12s,0,0,0,0,0,,
bowl_01b,0,0,0,1,0,,
bowl_02s,0,0,0,0,0,,
bowl_03s,0,0,0,0,0,,
bowl_04s,0,0,0,1,1,,
bowl_05s,0,0,0,0,0,,
bowl_06n,0,0,0,0,0,,
bowl_07n,0,0,0,0,1,,
bowl_08s,0,0,0,0,0,,
bowl_09s,0,0,0,0,0,,
bowl_10n,0,0,0,0,0,,
bowl_11s,0,0,0,0,0,,
bowl_12s,0,0,0,0,0,,
boxer_shorts_01b,0,1,0,0,0,1,0
boxer_shorts_02s,0,1,0,0,0,1,0
boxer_shorts_03s,0,0,0,1,0,,
boxer_shorts_04s,0,1,1,1,0,1,0
boxer_shorts_05s,0,1,1,0,0,0,0
boxer_shorts_06s,0,0,1,0,1,,
boxer_shorts_07s,0,1,0,0,0,1,0
boxer_shorts_08s,0,1,1,0,0,1,0
boxer_shorts_09s,0,1,0,0,0,1,0
boxer_shorts_10s,0,1,0,1,0,1,0
boxer_shorts_11s,0,1,0,1,0,1,0
boxer_shorts_12s,0,1,0,1,0,0,0
boxing_gloves_01b,0,0,0,0,0,,
boxing_gloves_02s,0,0,0,0,0,,
boxing_gloves_03s,0,0,1,0,0,,
boxing_gloves_04s,0,0,1,0,1,,
boxing_gloves_05s,0,0,1,1,1,,
boxing_gloves_06s,0,0,0,0,1,,
boxing_gloves_07s,0,0,1,0,1,,
boxing_gloves_08s,0,0,1,1,1,,
boxing_gloves_09s,0,0,1,1,1,,
boxing_gloves_10s,0,0,1,1,1,,
boxing_gloves_11s,0,0,1,1,1,,
boxing_gloves_12s,0,0,0,0,0,,
boy_01b,1,0,0,0,0,1,0
boy_02s,1,0,0,0,0,1,0
boy_03s,1,0,0,0,0,1,0
boy_04s,1,1,0,0,0,1,0
boy_05s,1,1,0,0,0,1,0
boy_06s,1,0,0,0,0,1,0
boy_07s,1,1,0,0,0,1,0
boy_08s,1,0,0,0,0,1,0
boy_09s,1,0,0,0,0,1,0
boy_10s,1,1,0,0,0,1,0
boy_11s,1,0,0,0,0,1,0
boy_12s,1,0,0,0,0,1,0
brace_01b,0,0,1,0,0,,
brace_02s,0,1,0,0,0,1,0
brace_03s,0,1,0,0,0,1,0
brace_04s,0,1,1,0,0,1,0
brace_05s,0,1,0,0,0,1,0
brace_06s,0,1,0,0,0,1,0
brace_07s,0,1,0,0,0,1,0
brace_08s,0,0,1,0,0,,
brace_09s,0,1,0,1,0,1,0
brace_10s,0,1,0,0,0,1,0
brace_11s,0,1,0,0,0,1,0
brace_12s,0,0,1,0,0,,
bracelet2_01b,0,1,0,0,0,1,0
bracelet2_02s,0,1,0,0,1,1,0
bracelet2_03s,0,1,0,0,1,1,0
bracelet2_04s,0,1,0,0,0,1,0
bracelet2_05s,0,1,0,0,1,1,0
bracelet2_06s,0,1,0,0,0,1,0
bracelet2_07s,0,1,0,0,1,1,0
bracelet2_08s,0,1,0,0,1,1,0
bracelet2_09s,0,0,0,1,0,,
bracelet2_10s,0,1,0,0,0,1,0
bracelet2_11s,0,1,0,0,0,1,0
bracelet2_12s,0,1,0,0,0,1,0
bracket_01b,0,0,0,0,0,,
bracket_02s,0,0,0,0,0,,
bracket_03s,0,0,0,0,0,,
bracket_04s,0,0,0,0,0,,
bracket_05s,0,0,0,0,1,,
bracket_06s,0,0,0,0,0,,
bracket_07s,0,0,0,0,0,,
bracket_08s,0,0,0,0,0,,
bracket_09s,0,0,0,0,0,,
bracket_10s,0,0,0,0,0,,
bracket_11s,0,0,0,0,1,,
bracket_12s,0,0,0,0,0,,
bread_01b,0,0,0,0,0,,
bread_02s,0,0,0,0,1,,
bread_03s,0,0,0,0,1,,
bread_04s,0,0,0,0,0,,
bread_05s,0,0,0,0,0,,
bread_06s,0,0,0,0,0,,
bread_07s,0,1,0,0,1,1,0
bread_08s,0,0,0,0,0,,
bread_09s,0,0,0,0,0,,
bread_10s,0,1,0,0,0,1,0
bread_11s,0,0,0,0,0,,
bread_12s,0,0,0,0,0,,
breadbox_01b,0,0,1,1,0,,
breadbox_02s,0,0,1,0,0,,
breadbox_03s,0,0,0,0,0,,
breadbox_04s,0,0,0,0,0,,
breadbox_05s,0,0,0,0,0,,
breadbox_06s,0,0,0,0,0,,
breadbox_07s,0,0,0,0,0,,
breadbox_08s,0,0,0,0,0,,
breadbox_09s,0,0,0,0,0,,
breadbox_10s,0,0,0,1,0,,
breadbox_11s,0,0,0,0,0,,
breadbox_12s,0,0,0,0,0,,
breadstick_01b,0,0,1,0,1,,
breadstick_02s,0,0,0,0,1,,
breadstick_03s,0,0,0,0,1,,
breadstick_04s,0,0,0,0,1,,
breadstick_05s,0,0,0,0,1,,
breadstick_06s,0,0,0,0,1,,
breadstick_07s,0,0,0,0,1,,
breadstick_08s,0,0,0,0,1,,
breadstick_09s,0,0,0,0,1,,
breadstick_10s,0,0,0,0,1,,
breadstick_11s,0,0,0,0,1,,
breadstick_12s,0,0,0,0,1,,
broccoli_01b,0,0,0,0,0,,
broccoli_02s,0,0,0,0,0,,
broccoli_03s,0,0,0,0,1,,
broccoli_04s,0,0,0,0,1,,
broccoli_05s,0,0,0,0,1,,
broccoli_06s,0,0,0,0,0,,
broccoli_07s,0,0,0,0,1,,
broccoli_08s,0,0,0,0,1,,
broccoli_09s,0,0,0,0,1,,
broccoli_10s,0,0,0,0,1,,
broccoli_11s,0,0,0,0,0,,
broccoli_12s,0,0,0,0,1,,
broom_01b,0,0,0,0,0,,
broom_02s,0,1,0,0,0,1,0
broom_03s,0,0,0,0,1,,
broom_04s,0,0,0,0,0,,
broom_05s,0,0,0,0,0,,
broom_06s,0,0,0,0,1,,
broom_07s,0,0,0,0,0,,
broom_08s,0,0,0,0,1,,
broom_09s,0,0,0,0,0,,
broom_10s,0,0,0,0,0,,
broom_11s,0,1,0,0,0,1,0
broom_12s,0,0,0,0,0,,
brownie_01b,0,0,0,0,0,,
brownie_02s,0,0,0,0,1,,
brownie_03s,0,0,0,0,0,,
brownie_04s,0,0,0,0,1,,
brownie_05s,0,0,0,0,1,,
brownie_06s,0,0,0,0,1,,
brownie_07s,0,0,0,0,1,,
brownie_08s,0,0,0,0,1,,
brownie_09s,0,0,0,0,1,,
brownie_10s,0,0,0,0,1,,
brownie_11s,0,0,0,0,0,,
brownie_12s,0,0,0,0,1,,
brush_01s,0,0,0,0,0,,
brush_02s,0,0,0,0,0,,
brush_03s,0,0,1,0,0,,
brush_04s,0,0,1,0,0,,
brush_05s,0,0,1,0,0,,
brush_06s,0,0,1,0,0,,
brush_07s,0,0,0,0,0,,
brush_08s,0,0,0,0,0,,
brush_09s,0,0,0,0,0,,
brush_10s,0,0,0,0,0,,
brush_11s,0,0,0,0,0,,
brush_12s,0,0,0,0,0,,
bubble_01b,0,0,0,0,0,,
bubble_02s,0,0,0,0,0,,
bubble_03s,0,0,0,0,0,,
bubble_04s,0,0,0,0,0,,
bubble_05s,0,0,0,0,0,,
bubble_06n,0,0,0,0,0,,
bubble_07s,0,0,0,0,0,,
bubble_08s,0,0,0,0,0,,
bubble_09s,0,0,0,0,0,,
bubble_10s,0,0,0,0,0,,
bubble_11s,0,0,0,0,0,,
bubble_12s,0,0,0,0,0,,
bucket_01b,0,0,1,1,0,,
bucket_02n,0,0,0,0,0,,
bucket_03s,0,0,0,0,0,,
bucket_04s,0,0,0,0,1,,
bucket_05s,0,0,0,0,0,,
bucket_06n,0,0,1,0,0,,
bucket_07s,0,0,0,0,0,,
bucket_08n,0,0,0,1,0,,
bucket_09n,0,1,0,0,0,1,0
bucket_10s,0,0,0,0,0,,
bucket_11s,0,0,0,1,0,,
bucket_12s,0,0,0,0,0,,
buggy_01s,0,0,0,1,0,,
buggy_02s,0,0,0,0,0,,
buggy_03s,0,0,0,1,0,,
buggy_04s,0,0,0,0,0,,
buggy_05s,0,0,0,1,0,,
buggy_06s,0,0,0,1,0,,
buggy_07s,0,0,0,0,0,,
buggy_08s,1,1,0,0,0,1,0
buggy_09s,0,0,0,0,0,,
buggy_10s,0,0,0,0,0,,
buggy_11s,0,0,1,0,0,,
buggy_12s,0,0,0,0,0,,
bulldozer_01b,0,0,0,0,0,,
bulldozer_02s,0,0,1,0,0,,
bulldozer_03n,0,0,1,0,0,,
bulldozer_04s,0,0,1,0,0,,
bulldozer_05n,0,0,0,0,0,,
bulldozer_06s,0,0,1,0,0,,
bulldozer_07s,0,0,1,0,0,,
bulldozer_08s,0,0,1,0,0,,
bulldozer_09s,0,0,0,0,0,,
bulldozer_10s,0,0,0,0,0,,
bulldozer_11s,0,0,1,0,0,,
bulldozer_12s,0,0,1,0,0,,
bullet_01s,0,0,0,0,0,,
bullet_02s,0,0,0,0,1,,
bullet_03s,0,0,1,0,1,,
bullet_04s,0,0,1,0,1,,
bullet_05s,0,0,1,0,1,,
bullet_06s,0,0,0,0,1,,
bullet_07s,0,0,0,0,1,,
bullet_08n,0,0,0,0,1,,
bullet_09s,0,0,0,0,0,,
bullet_10n,0,0,0,0,1,,
bullet_11s,0,0,0,0,1,,
bullet_12n,0,0,0,0,1,,
bumper_01b,0,0,0,0,0,,
bumper_02s,0,0,0,0,0,,
bumper_03s,0,0,0,0,0,,
bumper_04s,0,0,0,0,0,,
bumper_05s,0,0,0,0,0,,
bumper_06s,0,0,1,0,0,,
bumper_07s,0,0,0,0,0,,
bumper_08s,0,0,0,0,0,,
bumper_09s,0,0,0,0,0,,
bumper_10s,0,0,0,0,0,,
bumper_11s,0,0,0,0,0,,
bumper_12s,0,0,0,0,0,,
bungee_01b,0,0,0,0,1,,
bungee_02s,0,0,0,0,0,,
bungee_03s,0,0,0,0,1,,
bungee_04s,0,0,0,0,0,,
bungee_05s,0,0,0,0,0,,
bungee_06s,0,0,0,0,1,,
bungee_07s,0,0,0,0,0,,
bungee_08s,0,0,0,0,0,,
bungee_09s,0,0,0,0,0,,
bungee_10s,0,0,0,0,0,,
bungee_11s,0,0,1,0,1,,
bungee_12s,0,0,1,0,0,,
bunkbed_01b,0,0,0,0,0,,
bunkbed_02s,0,0,0,0,0,,
bunkbed_03s,0,0,0,1,0,,
bunkbed_04s,0,0,0,0,0,,
bunkbed_05s,0,0,0,0,0,,
bunkbed_06s,0,0,0,1,0,,
bunkbed_07s,0,0,0,0,0,,
bunkbed_08s,0,0,0,0,0,,
bunkbed_09s,0,0,0,0,0,,
bunkbed_10s,0,0,0,0,0,,
bunkbed_11s,0,0,0,0,0,,
bunkbed_12s,0,0,0,0,0,,
burner_01b,0,0,0,0,0,,
burner_02s,0,0,0,0,0,,
burner_03s,0,0,0,0,0,,
burner_04s,0,0,0,0,1,,
burner_05s,0,0,0,0,0,,
burner_06s,0,0,0,0,0,,
burner_07n,0,0,1,0,0,,
burner_08s,0,0,0,0,0,,
burner_09s,0,0,0,0,0,,
burner_10s,0,0,0,0,0,,
burner_11s,0,0,0,0,0,,
burner_12n,0,0,0,0,0,,
burrito_01b,0,0,0,0,0,,
burrito_02s,0,0,0,0,0,,
burrito_03s,0,0,0,0,0,,
burrito_04s,0,0,0,0,0,,
burrito_05s,0,0,0,0,1,,
burrito_06n,0,0,0,0,0,,
burrito_07s,0,0,0,0,0,,
burrito_08s,0,0,0,0,1,,
burrito_09n,0,0,0,0,0,,
burrito_10s,0,0,0,0,1,,
burrito_11s,0,0,0,0,1,,
burrito_12s,0,0,0,0,1,,
bus_01b,0,0,1,0,0,,
bus_02n,0,0,1,0,0,,
bus_03n,1,1,1,0,0,1,0
bus_04n,0,0,1,0,0,,
bus_05n,1,1,1,0,0,1,0
bus_06n,0,0,0,0,0,,
bus_07n,0,0,1,1,0,,
bus_08s,0,0,1,1,0,,
bus_09n,0,0,1,0,0,,
bus_10n,0,0,1,0,0,,
bus_11n,0,0,1,0,0,,
bus_12n,0,0,1,0,0,,
butterfly_01b,0,0,0,0,0,,
butterfly_02s,0,0,0,0,0,,
butterfly_03s,0,1,0,0,0,1,0
butterfly_04s,0,0,0,0,0,,
butterfly_05s,0,0,0,0,0,,
butterfly_06s,0,0,0,0,0,,
butterfly_07s,0,0,0,0,0,,
butterfly_08s,0,0,0,0,0,,
butterfly_09s,0,0,0,0,0,,
butterfly_10s,0,0,0,0,0,,
butterfly_11s,0,0,0,0,0,,
butterfly_12n,0,0,0,0,0,,
cabbage_01b,0,0,0,0,0,,
cabbage_02s,0,0,0,0,1,,
cabbage_03s,0,0,0,0,0,,
cabbage_04s,0,1,0,0,1,1,0
cabbage_05s,0,0,0,0,0,,
cabbage_06s,0,0,0,0,0,,
cabbage_07s,0,0,0,0,1,,
cabbage_08s,0,0,0,0,0,,
cabbage_09s,0,0,0,0,0,,
cabbage_10s,0,0,0,0,1,,
cabbage_11s,0,0,0,0,0,,
cabbage_12s,0,0,0,0,0,,
cactus_01b,0,0,0,0,0,,
cactus_02s,0,0,0,0,0,,
cactus_03s,0,0,0,0,0,,
cactus_04s,0,0,0,0,0,,
cactus_05n,0,0,0,0,0,,
cactus_06s,0,0,0,0,0,,
cactus_07s,0,0,0,0,1,,
cactus_08n,0,0,0,0,0,,
cactus_09n,0,0,0,0,0,,
cactus_10s,0,0,0,0,1,,
cactus_11s,0,0,0,0,1,,
cactus_12s,0,0,0,0,0,,
cage_01b,0,0,0,0,0,,
cage_02s,0,0,0,0,0,,
cage_03s,0,0,0,0,0,,
cage_04s,0,0,0,0,0,,
cage_05s,0,0,0,0,0,,
cage_06s,0,0,0,0,0,,
cage_07s,0,0,0,0,0,,
cage_08s,0,0,0,0,0,,
cage_09s,0,0,0,0,0,,
cage_10s,0,0,0,0,0,,
cage_11s,0,0,0,0,0,,
cage_12s,0,0,0,0,0,,
cake_01b,0,0,0,1,0,,
cake_02s,0,0,0,0,1,,
cake_03s,0,0,0,0,1,,
cake_04s,0,0,0,0,1,,
cake_05s,0,0,0,0,0,,
cake_06s,0,0,0,0,1,,
cake_07s,0,0,0,0,0,,
cake_08s,0,0,0,0,0,,
cake_09s,0,0,0,0,1,,
cake_10s,0,0,0,0,0,,
cake_11s,0,0,0,0,0,,
cake_12s,0,0,0,0,0,,
calculator_01b,0,0,1,0,0,,
calculator_02s,0,0,1,0,0,,
calculator_03s,0,0,1,0,0,,
calculator_04s,0,0,1,0,0,,
calculator_05s,0,0,1,0,0,,
calculator_06s,0,0,1,0,0,,
calculator_07s,0,0,1,0,0,,
calculator_08s,0,0,1,1,0,,
calculator_09s,0,0,1,0,0,,
calculator_10n,0,0,1,0,0,,
calculator_11s,0,0,1,0,0,,
calculator_12s,0,0,1,0,0,,
camcorder_01b,0,1,1,0,0,1,0
camcorder_02s,0,1,1,0,0,1,0
camcorder_03s,0,0,1,0,0,,
camcorder_04s,0,1,1,0,0,1,0
camcorder_05s,0,1,1,0,0,1,0
camcorder_06s,0,0,1,1,0,,
camcorder_07s,0,1,1,0,0,1,0
camcorder_08s,0,0,1,0,0,,
camcorder_09n,0,0,1,0,0,,
camcorder_10s,0,0,1,0,0,,
camcorder_11s,0,1,1,0,0,1,0
camcorder_12s,0,1,1,0,0,1,0
camel_01b,1,1,0,0,0,0,0
camel_02s,1,1,0,0,0,0,0
camel_03s,1,1,0,0,0,0,0
camel_04s,1,1,0,0,0,0,0
camel_05s,1,1,0,0,0,0,0
camel_06s,1,1,0,0,0,0,0
camel_07s,1,1,0,0,0,0,0
camel_08s,1,1,0,0,0,0,0
camel_09s,1,1,0,0,0,0,0
camel_10s,1,1,0,0,0,0,0
camel_11n,1,1,0,0,0,0,0
camel_12s,1,1,0,0,0,0,0
camera1_01b,0,0,1,1,0,,
camera1_02s,0,1,1,0,0,1,0
camera1_03s,0,0,1,0,0,,
camera1_04s,0,0,1,0,0,,
camera1_05s,0,0,1,0,0,,
camera1_06s,0,1,1,0,0,1,0
camera1_07s,0,0,1,0,0,,
camera1_08n,0,0,1,0,0,,
camera1_09s,0,1,1,0,0,1,0
camera1_10s,0,0,1,0,0,,
camera1_11s,0,0,1,0,0,,
camera1_12s,0,0,1,0,0,,
camera2_01b,0,0,1,0,0,,
camera2_02s,0,0,0,0,0,,
camera2_03s,0,0,0,1,0,,
camera2_04s,0,0,1,0,0,,
camera2_05s,0,0,1,0,0,,
camera2_06s,0,0,1,0,0,,
camera2_07s,0,0,1,0,0,,
camera2_08s,0,0,1,0,0,,
camera2_09s,0,1,1,0,0,1,0
camera2_10s,0,0,0,0,0,,
camera2_11s,0,0,1,0,0,,
camera2_12s,0,0,1,0,0,,
candelabra_01b,0,0,0,0,1,,
candelabra_02s,0,0,0,0,0,,
candelabra_03s,0,0,0,0,1,,
candelabra_04s,0,0,0,0,0,,
candelabra_05s,0,0,0,0,1,,
candelabra_06s,0,0,0,0,1,,
candelabra_07s,0,0,0,0,0,,
candelabra_08s,0,0,0,0,1,,
candelabra_09s,0,0,0,0,1,,
candelabra_10s,0,0,0,0,0,,
candelabra_11s,0,0,0,0,1,,
candelabra_12s,0,0,0,0,1,,
candle_01b,0,0,0,0,0,,
candle_02n,0,0,0,0,0,,
candle_03n,0,0,0,0,0,,
candle_04n,0,0,0,0,0,,
candle_05n,0,0,0,0,1,,
candle_06n,0,0,0,0,1,,
candle_07n,0,0,0,0,0,,
candle_08n,0,0,0,0,0,,
candle_09n,0,0,0,0,0,,
candle_10n,0,0,0,0,0,,
candle_11n,0,0,0,0,0,,
candle_12n,0,0,0,0,1,,
candy_01b,0,0,0,0,1,,
candy_02s,0,0,0,0,0,,
candy_03s,0,0,0,0,1,,
candy_04s,0,0,0,0,1,,
candy_05s,0,0,0,0,1,,
candy_06s,0,0,0,0,1,,
candy_07s,0,0,0,0,1,,
candy_08s,0,0,0,0,1,,
candy_09s,0,0,0,0,1,,
candy_10s,0,0,0,0,1,,
candy_11s,0,0,1,0,1,,
candy_12s,0,0,0,0,0,,
candy_bar_01b,0,0,1,1,0,,
candy_bar_02s,0,0,1,0,0,,
candy_bar_03s,0,0,1,0,1,,
candy_bar_04s,0,0,1,0,0,,
candy_bar_05s,0,0,1,0,0,,
candy_bar_06s,0,0,1,0,0,,
candy_bar_07s,0,0,1,0,0,,
candy_bar_08s,0,0,1,0,0,,
candy_bar_09s,0,0,1,0,0,,
candy_bar_10s,0,1,1,0,0,1,0
candy_bar_11s,0,0,1,0,0,,
candy_bar_12s,0,0,0,0,1,,
cane_01s,0,0,0,0,0,,
cane_02s,0,0,0,0,0,,
cane_03s,0,0,0,0,0,,
cane_04s,0,0,0,0,1,,
cane_05n,0,0,0,0,0,,
cane_06n,0,0,0,0,0,,
cane_07s,0,0,0,0,0,,
cane_08s,0,0,0,0,0,,
cane_09s,0,0,0,0,1,,
cane_10s,0,0,0,0,0,,
cane_11s,0,1,0,0,0,1,0
cane_12s,0,0,0,0,0,,
cannon_01b,0,0,0,0,0,,
cannon_02s,0,0,0,0,0,,
cannon_03n,0,0,0,0,0,,
cannon_04s,0,0,0,0,0,,
cannon_05s,0,0,0,0,0,,
cannon_06s,1,1,0,0,0,1,0
cannon_07s,0,0,0,0,0,,
cannon_08s,0,0,0,0,0,,
cannon_09n,0,0,0,0,0,,
cannon_10n,0,0,0,0,0,,
cannon_11s,0,0,0,0,1,,
cannon_12n,0,0,0,0,0,,
canoe_01b,0,0,1,0,0,,
canoe_02s,0,0,0,0,0,,
canoe_03s,0,0,0,0,0,,
canoe_04s,0,0,0,0,1,,
canoe_05s,0,0,0,0,0,,
canoe_06s,0,0,0,0,0,,
canoe_07s,0,0,0,0,0,,
canoe_08s,0,0,0,0,0,,
canoe_09s,0,0,0,0,0,,
canoe_10s,0,0,0,0,1,,
canoe_11s,0,0,0,0,0,,
canoe_12s,0,0,0,0,0,,
canvas_01b,0,0,0,0,0,,
canvas_02s,0,0,0,0,0,,
canvas_03s,0,0,0,0,0,,
canvas_04s,0,0,0,0,0,,
canvas_05s,0,0,1,0,0,,
canvas_06s,0,0,0,0,0,,
canvas_07s,0,0,0,0,0,,
canvas_08s,0,0,0,0,0,,
canvas_09s,0,0,0,0,0,,
canvas_10s,0,0,0,0,0,,
canvas_11s,0,0,0,0,0,,
canvas_12s,0,0,0,0,0,,
car_01b,0,0,0,0,0,,
car_02s,0,0,0,0,0,,
car_03s,0,0,0,0,0,,
car_04s,0,0,0,0,0,,
car_05s,0,0,0,0,1,,
car_06s,0,0,0,0,0,,
car_07s,0,0,1,0,0,,
car_08s,0,0,0,0,0,,
car_09s,0,0,0,0,0,,
car_10s,0,0,0,0,0,,
car_11s,0,0,0,0,0,,
car_12s,0,0,0,0,0,,
cardigan_01b,0,0,0,0,0,,
cardigan_02s,0,0,0,0,0,,
cardigan_03s,0,0,0,0,0,,
cardigan_04s,0,1,0,0,0,1,0
cardigan_05s,0,0,0,0,0,,
cardigan_06s,0,0,0,0,0,,
cardigan_07s,0,0,0,0,0,,
cardigan_08s,0,0,0,0,0,,
cardigan_09s,0,0,0,0,0,,
cardigan_10s,0,1,0,0,0,1,0
cardigan_11s,0,0,0,0,0,,
cardigan_12s,0,0,0,0,0,,
carousel_01b,0,0,0,0,0,,
carousel_02s,0,0,0,0,1,,
carousel_03s,0,0,0,0,1,,
carousel_04n,0,0,0,0,0,,
carousel_05s,0,0,0,0,0,,
carousel_06s,0,0,0,0,0,,
carousel_07s,0,0,0,0,0,,
carousel_08s,0,1,0,0,0,1,0
carousel_09s,0,0,0,0,0,,
carousel_10s,0,0,0,0,0,,
carousel_11s,0,0,0,0,0,,
carousel_12s,1,1,0,0,0,1,0
carrot_01b,0,0,0,0,1,,
carrot_02s,0,0,0,0,1,,
carrot_03s,0,0,0,0,1,,
carrot_04n,0,0,0,0,0,,
carrot_05s,0,0,0,0,0,,
carrot_06n,0,0,0,0,1,,
carrot_07s,0,0,0,0,1,,
carrot_08n,0,0,0,0,1,,
carrot_09s,0,0,0,0,1,,
carrot_10n,0,0,0,0,1,,
carrot_11s,0,0,0,0,1,,
carrot_12s,0,0,0,0,1,,
cashew_01b,0,0,0,0,1,,
cashew_02s,0,0,0,0,1,,
cashew_03s,0,0,0,0,1,,
cashew_04s,0,0,0,0,1,,
cashew_05s,0,0,0,0,1,,
cashew_06s,0,0,0,0,1,,
cashew_07s,0,0,0,0,1,,
cashew_08s,0,0,0,0,1,,
cashew_09s,0,0,0,0,1,,
cashew_10s,0,0,0,0,1,,
cashew_11s,0,0,0,0,1,,
cashew_12s,0,0,0,0,1,,
cassette_01b,0,0,1,1,0,,
cassette_02s,0,0,1,0,0,,
cassette_03s,0,0,1,0,0,,
cassette_04s,0,0,1,0,0,,
cassette_05s,0,0,0,0,0,,
cassette_06s,0,0,1,0,0,,
cassette_07s,0,1,1,0,0,1,0
cassette_08s,0,0,1,0,0,,
cassette_09s,0,0,1,0,0,,
cassette_10s,0,0,1,0,0,,
cassette_11n,0,0,1,0,0,,
cassette_12s,0,0,1,0,0,,
cat_01b,1,1,0,0,0,0,0
cat_02s,1,1,0,0,0,0,0
cat_03s,1,1,0,0,0,0,0
cat_04s,1,1,0,0,0,0,0
cat_05s,1,0,0,0,0,0,0
cat_06s,1,0,0,0,0,0,0
cat_07s,1,1,0,0,0,0,0
cat_08s,1,1,0,0,0,0,0
cat_09s,1,0,0,0,0,0,0
cat_10s,1,0,0,0,0,0,0
cat_11s,1,1,0,0,0,0,0
cat_12s,1,1,0,0,0,0,0
caterpillar_01b,0,0,0,0,0,,
caterpillar_02s,0,0,0,0,0,,
caterpillar_03s,0,0,0,0,0,,
caterpillar_04s,0,0,0,0,0,,
caterpillar_05s,0,0,0,0,0,,
caterpillar_06s,0,0,0,0,0,,
caterpillar_07s,0,0,0,0,0,,
caterpillar_08s,0,0,0,0,0,,
caterpillar_09s,0,0,0,0,0,,
caterpillar_10s,0,0,0,0,0,,
caterpillar_11s,0,0,0,0,0,,
caterpillar_12s,0,0,0,0,0,,
cauliflower_01b,0,1,0,0,0,1,0
cauliflower_02s,0,0,0,0,0,,
cauliflower_03s,0,0,0,0,0,,
cauliflower_04s,0,0,0,0,0,,
cauliflower_05s,0,0,0,0,0,,
cauliflower_06s,0,0,0,0,1,,
cauliflower_07s,0,0,0,0,1,,
cauliflower_08s,0,0,0,0,1,,
cauliflower_09s,0,0,0,0,0,,
cauliflower_10s,0,0,0,0,1,,
cauliflower_11s,0,0,0,0,0,,
cauliflower_12s,0,0,0,0,0,,
celery_01b,0,0,0,0,1,,
celery_02n,0,0,0,0,1,,
celery_03s,0,0,0,0,1,,
celery_04s,0,0,0,0,1,,
celery_05s,0,0,0,0,1,,
celery_06s,0,0,0,0,1,,
celery_07s,0,0,0,0,1,,
celery_08n,0,0,0,0,1,,
celery_09s,0,0,0,0,0,,
celery_10s,0,0,0,0,1,,
celery_11s,0,0,0,0,1,,
celery_12n,0,0,0,0,1,,
cellphone_01b,0,0,0,0,1,,
cellphone_02s,0,1,1,0,1,1,0
cellphone_03s,0,0,1,0,0,,
cellphone_04s,0,1,1,0,0,1,0
cellphone_05s,0,0,1,0,0,,
cellphone_06s,0,1,1,1,0,1,0
cellphone_07s,0,1,1,1,0,1,0
cellphone_08s,0,1,1,1,1,1,0
cellphone_09s,0,1,1,1,1,1,0
cellphone_10s,0,1,0,0,0,1,0
cellphone_11s,0,1,1,0,0,1,0
cellphone_12s,0,1,0,0,0,1,0
chair_01b,0,0,0,0,0,,
chair_02s,0,0,0,0,0,,
chair_03s,0,0,0,0,1,,
chair_04s,0,0,0,0,0,,
chair_05s,0,0,0,0,0,,
chair_06s,0,0,0,0,0,,
chair_07s,0,0,0,0,0,,
chair_08s,0,0,0,0,1,,
chair_09s,0,0,0,0,0,,
chair_10s,0,0,0,0,0,,
chair_11s,0,0,0,0,0,,
chair_12s,0,0,0,0,0,,
chalice_01s,0,0,0,0,0,,
chalice_02s,0,0,1,0,0,,
chalice_03s,0,0,0,0,0,,
chalice_04s,0,0,0,0,0,,
chalice_05s,0,0,0,0,0,,
chalice_06s,0,0,0,0,0,,
chalice_07s,0,0,0,0,0,,
chalice_08s,0,0,0,0,0,,
chalice_09s,0,0,0,0,1,,
chalice_10s,0,0,0,0,0,,
chalice_11s,0,0,0,1,0,,
chalice_12s,0,0,0,0,0,,
chalk_01b,0,0,0,0,1,,
chalk_02s,0,0,0,0,1,,
chalk_03s,0,0,0,0,1,,
chalk_04s,0,0,0,0,0,,
chalk_05s,0,0,0,0,1,,
chalk_06s,0,0,0,0,1,,
chalk_07s,0,0,0,0,1,,
chalk_08s,0,0,0,0,1,,
chalk_09s,0,0,0,0,1,,
chalk_10s,0,0,0,0,1,,
chalk_11s,0,0,0,0,1,,
chalk_12s,0,0,1,0,1,,
chalkboard_01b,0,0,1,0,0,,
chalkboard_02s,0,0,1,0,0,,
chalkboard_03s,0,0,1,0,0,,
chalkboard_04s,0,1,1,0,0,1,0
chalkboard_05s,0,0,1,0,0,,
chalkboard_06s,0,0,1,0,0,,
chalkboard_07s,0,0,0,0,0,,
chalkboard_08s,0,0,1,0,0,,
chalkboard_09s,0,0,1,0,0,,
chalkboard_10s,0,0,0,0,0,,
chalkboard_11s,0,1,1,0,0,1,0
chalkboard_12s,0,0,1,0,0,,
chandelier_01b,0,0,0,0,1,,
chandelier_02s,0,0,0,0,1,,
chandelier_03s,0,0,0,0,1,,
chandelier_04s,0,0,0,0,1,,
chandelier_05s,0,0,0,0,1,,
chandelier_06s,0,0,0,0,1,,
chandelier_07s,0,0,0,0,1,,
chandelier_08s,0,0,0,0,1,,
chandelier_09s,0,0,0,0,1,,
chandelier_10s,0,0,0,0,1,,
chandelier_11s,0,0,0,0,1,,
chandelier_12s,0,0,0,0,1,,
cheese_01b,0,0,1,0,1,,
cheese_02s,0,0,1,0,0,,
cheese_03s,0,0,0,0,0,,
cheese_04s,0,0,0,0,0,,
cheese_05n,0,0,1,0,0,,
cheese_06s,0,0,0,0,0,,
cheese_07s,0,0,0,0,0,,
cheese_08s,0,0,0,0,1,,
cheese_09s,0,0,0,0,0,,
cheese_10s,0,0,0,0,1,,
cheese_11s,0,0,0,0,1,,
cheese_12s,0,0,0,0,1,,
cheetah_01b,1,1,0,0,0,0,0
cheetah_02s,1,1,0,0,0,0,0
cheetah_03s,1,1,0,0,0,0,0
cheetah_04s,1,1,0,0,0,0,0
cheetah_05s,1,1,0,0,0,0,0
cheetah_06s,1,1,0,0,0,0,0
cheetah_07s,1,1,0,0,0,0,0
cheetah_08s,1,1,0,0,0,0,0
cheetah_09s,1,1,0,0,0,0,0
cheetah_10s,1,0,0,0,0,0,0
cheetah_11s,1,1,0,0,0,0,0
cheetah_12s,1,1,0,0,0,0,0
cherry_01b,0,0,0,0,0,,
cherry_02s,0,1,0,0,1,1,0
cherry_03s,0,0,0,0,1,,
cherry_04n,0,0,0,0,1,,
cherry_05s,0,1,0,0,1,1,0
cherry_06n,0,1,0,0,1,1,0
cherry_07n,0,0,0,0,1,,
cherry_08s,0,0,0,0,1,,
cherry_09s,0,0,0,0,1,,
cherry_10n,0,0,0,0,1,,
cherry_11s,0,0,0,0,1,,
cherry_12s,0,0,0,0,0,,
chess_piece_01b,0,0,0,0,1,,
chess_piece_02s,0,0,0,0,0,,
chess_piece_03s,0,0,0,0,0,,
chess_piece_04s,0,0,0,0,0,,
chess_piece_05s,0,0,0,0,0,,
chess_piece_06s,0,0,0,0,0,,
chess_piece_07s,0,0,0,0,1,,
chess_piece_08s,0,0,0,0,1,,
chess_piece_09s,0,0,0,0,0,,
chess_piece_10s,0,0,0,0,0,,
chess_piece_11s,0,0,0,0,0,,
chess_piece_12s,0,0,0,0,0,,
chest1_01b,0,1,0,0,0,1,0
chest1_02s,0,1,0,0,0,1,0
chest1_03s,0,1,0,0,0,1,0
chest1_04s,0,1,0,0,0,1,0
chest1_05s,0,1,0,0,0,1,0
chest1_06s,0,1,0,0,0,1,0
chest1_07s,0,1,0,0,0,1,0
chest1_08s,0,1,0,0,0,1,0
chest1_09s,0,1,0,0,0,1,0
chest1_10s,0,1,0,0,0,1,0
chest1_11s,0,1,0,0,0,1,0
chest1_12s,0,1,0,0,0,1,0
chest2_01b,0,0,0,0,0,,
chest2_02s,0,0,0,0,0,,
chest2_03s,0,0,0,0,0,,
chest2_04s,0,0,0,0,0,,
chest2_05s,0,0,0,0,0,,
chest2_06s,0,0,0,0,0,,
chest2_07s,0,0,0,0,0,,
chest2_08s,0,0,0,0,0,,
chest2_09s,0,0,0,0,0,,
chest2_10s,0,0,0,0,0,,
chest2_11s,0,0,0,0,0,,
chest2_12s,0,0,0,0,0,,
chicken_wire_01b,0,0,0,0,0,,
chicken_wire_02s,0,0,0,0,0,,
chicken_wire_03s,0,0,0,0,0,,
chicken_wire_04s,0,0,0,0,0,,
chicken_wire_05s,0,0,0,0,0,,
chicken_wire_06s,0,0,0,0,0,,
chicken_wire_07s,0,0,0,0,0,,
chicken_wire_08s,0,0,0,0,0,,
chicken_wire_09s,0,0,0,0,0,,
chicken_wire_10s,0,0,0,0,0,,
chicken_wire_11s,0,0,0,0,0,,
chicken_wire_12s,0,0,0,0,0,,
chili_01b,0,0,0,0,0,,
chili_02s,0,0,0,0,0,,
chili_03s,0,0,0,0,0,,
chili_04s,0,0,0,0,0,,
chili_05s,0,0,0,0,0,,
chili_06s,0,0,0,0,0,,
chili_07s,0,0,0,0,0,,
chili_08s,0,0,0,0,0,,
chili_09s,0,0,0,0,0,,
chili_10s,0,0,0,0,0,,
chili_11s,0,0,0,0,0,,
chili_12s,0,0,0,0,0,,
chin_01b,1,0,0,0,0,1,0
chin_02s,1,0,0,0,0,1,0
chin_03s,1,0,0,0,0,1,0
chin_04s,1,0,0,0,0,1,0
chin_05s,1,0,0,0,0,1,0
chin_06s,1,0,0,0,0,1,0
chin_07s,1,0,0,0,0,1,0
chin_08s,1,0,0,0,0,1,0
chin_09s,1,0,0,0,0,1,0
chin_10s,1,0,0,0,0,1,0
chin_11s,1,0,0,0,0,1,0
chin_12s,1,0,0,0,0,1,0
chinchilla_01b,1,0,0,0,0,1,0
chinchilla_02s,1,0,0,0,0,0,0
chinchilla_03s,1,1,0,0,0,0,0
chinchilla_04s,1,1,0,0,0,0,0
chinchilla_05s,1,1,0,0,0,1,0
chinchilla_06s,1,1,0,0,0,0,0
chinchilla_07s,1,1,0,0,0,0,0
chinchilla_08s,1,1,0,0,0,0,0
chinchilla_09s,1,1,0,0,0,0,0
chinchilla_10s,1,1,0,0,0,0,0
chinchilla_11s,1,0,0,0,0,0,0
chinchilla_12s,1,1,0,0,0,0,0
chip_01b,0,1,0,0,0,1,0
chip_02s,0,1,0,0,0,1,0
chip_03s,0,0,1,0,0,,
chip_04s,0,0,1,0,0,,
chip_05s,0,1,1,0,0,1,0
chip_06n,0,0,1,0,0,,
chip_07n,0,0,1,0,0,,
chip_08s,0,1,0,0,0,1,0
chip_09s,0,0,1,0,0,,
chip_10s,0,1,0,0,0,1,0
chip_11n,0,0,1,0,0,,
chip_12s,0,0,1,0,0,,
chipmunk_01b,1,1,0,0,0,0,0
chipmunk_02n,1,1,0,0,0,0,0
chipmunk_03n,1,1,0,0,0,0,0
chipmunk_04n,1,1,0,0,0,0,0
chipmunk_05s,1,1,0,0,0,0,0
chipmunk_06s,1,1,0,0,0,0,0
chipmunk_07n,1,1,0,0,0,0,0
chipmunk_08n,1,1,0,0,0,0,0
chipmunk_09s,1,1,0,0,0,0,0
chipmunk_10s,1,1,0,0,0,0,0
chipmunk_11s,1,1,0,0,0,0,0
chipmunk_12s,1,1,0,0,0,0,0
chocolate_01b,0,0,0,0,1,,
chocolate_02s,0,0,0,0,1,,
chocolate_03s,0,0,0,0,1,,
chocolate_04n,0,0,0,0,1,,
chocolate_05s,0,0,0,0,1,,
chocolate_06s,0,0,0,0,0,,
chocolate_07s,0,0,0,0,1,,
chocolate_08s,0,0,0,0,1,,
chocolate_09s,0,0,0,0,0,,
chocolate_10s,0,0,0,0,1,,
chocolate_11s,0,0,0,0,1,,
chocolate_12s,0,0,0,0,0,,
christmas_tree_01b,0,0,0,0,0,,
christmas_tree_02s,0,0,0,0,0,,
christmas_tree_03s,0,0,0,0,0,,
christmas_tree_04s,0,0,0,0,0,,
christmas_tree_05s,0,0,0,0,0,,
christmas_tree_06s,0,0,0,0,0,,
christmas_tree_07s,0,0,0,0,0,,
christmas_tree_08s,0,0,0,0,0,,
christmas_tree_09s,0,0,0,0,0,,
christmas_tree_10s,1,1,0,0,0,0,0
christmas_tree_11s,0,0,0,0,0,,
christmas_tree_12s,0,0,0,0,0,,
cinnamon_01b,0,0,0,0,1,,
cinnamon_02s,0,0,0,0,0,,
cinnamon_03s,0,0,0,0,1,,
cinnamon_04s,0,0,0,0,1,,
cinnamon_05s,0,0,0,0,1,,
cinnamon_06s,0,0,0,0,1,,
cinnamon_07s,0,0,0,0,1,,
cinnamon_08n,0,0,0,0,1,,
cinnamon_09s,0,0,0,0,1,,
cinnamon_10s,0,0,0,0,1,,
cinnamon_11s,0,0,0,0,1,,
cinnamon_12s,0,0,0,0,1,,
clarinet_01b,0,0,1,0,0,,
clarinet_02n,0,1,0,0,0,1,0
clarinet_03s,0,0,0,0,1,,
clarinet_04s,0,0,0,0,1,,
clarinet_05n,0,0,0,0,1,,
clarinet_06s,1,1,0,0,0,1,0
clarinet_07n,0,1,0,0,0,1,0
clarinet_08s,0,0,0,0,1,,
clarinet_09s,0,0,0,0,0,,
clarinet_10s,0,1,0,0,0,1,0
clarinet_11s,0,1,0,0,0,1,0
clarinet_12s,0,0,1,0,0,,
clay_01b,0,0,0,0,0,,
clay_02s,0,0,0,0,0,,
clay_03s,0,0,0,0,0,,
clay_04s,0,0,0,0,0,,
clay_05s,0,0,0,0,0,,
clay_06s,0,0,0,0,0,,
clay_07s,0,1,0,0,0,1,0
clay_08s,0,0,0,0,0,,
clay_09s,0,0,0,0,0,,
clay_10s,0,0,0,0,0,,
clay_11s,0,0,0,0,0,,
clay_12s,0,0,0,0,0,,
clipboard_01b,0,0,0,1,0,,
clipboard_02s,0,0,0,0,0,,
clipboard_03s,0,0,1,0,0,,
clipboard_04s,0,1,1,0,0,1,0
clipboard_05s,0,0,0,1,0,,
clipboard_06s,0,0,0,0,1,,
clipboard_07s,0,0,0,0,0,,
clipboard_08s,0,0,0,0,0,,
clipboard_09s,0,0,0,1,0,,
clipboard_10s,0,0,0,0,0,,
clipboard_11s,0,0,0,1,0,,
clipboard_12s,0,0,0,0,0,,
clock_01b,0,0,1,0,0,,
clock_02n,0,0,1,0,0,,
clock_03n,0,0,1,0,0,,
clock_04n,0,0,1,0,0,,
clock_05n,0,0,1,0,0,,
clock_06n,0,0,1,0,0,,
clock_07n,0,0,1,0,0,,
clock_08n,0,0,1,0,0,,
clock_09n,0,0,1,0,0,,
clock_10n,0,0,1,0,0,,
clock_11n,0,0,1,0,0,,
clock_12n,0,0,1,0,0,,
closet_01b,0,0,0,0,0,,
closet_02s,0,0,0,0,0,,
closet_03s,0,0,0,0,0,,
closet_04s,0,0,0,0,0,,
closet_05s,0,0,0,0,0,,
closet_06s,0,0,0,0,0,,
closet_07s,0,0,0,0,0,,
closet_08s,0,0,0,0,0,,
closet_09s,0,0,0,0,0,,
closet_10s,0,0,0,0,0,,
closet_11s,0,0,0,0,0,,
closet_12s,0,0,0,0,1,,
coat_01b,0,0,0,0,0,,
coat_02s,0,1,0,0,0,1,0
coat_03s,0,1,0,0,0,1,0
coat_04s,0,1,0,0,0,1,0
coat_05s,0,1,0,0,0,0,0
coat_06s,0,1,0,0,0,1,0
coat_07s,0,0,0,0,0,,
coat_08s,0,1,0,0,0,1,0
coat_09s,0,1,0,0,0,1,0
coat_10s,0,0,0,0,0,,
coat_11s,0,1,0,0,0,1,0
coat_12s,0,1,0,0,0,1,0
coat_rack_01b,0,0,0,0,0,,
coat_rack_02s,0,0,0,0,0,,
coat_rack_03s,0,0,0,0,0,,
coat_rack_04s,0,0,0,0,0,,
coat_rack_05s,0,0,0,0,0,,
coat_rack_06s,0,0,0,0,0,,
coat_rack_07s,0,0,0,0,0,,
coat_rack_08s,0,0,0,0,0,,
coat_rack_09s,0,0,0,0,0,,
coat_rack_10s,0,0,0,0,0,,
coat_rack_11s,0,0,0,0,0,,
coat_rack_12s,0,0,0,0,0,,
cockroach_01b,0,0,0,0,0,,
cockroach_02s,0,0,0,0,0,,
cockroach_03s,0,0,0,0,0,,
cockroach_04n,0,0,0,0,0,,
cockroach_05s,0,0,0,0,0,,
cockroach_06n,0,0,0,0,0,,
cockroach_07s,0,0,0,0,0,,
cockroach_08s,0,0,0,0,0,,
cockroach_09s,0,0,0,0,0,,
cockroach_10n,0,0,0,0,0,,
cockroach_11s,0,0,0,0,0,,
cockroach_12s,0,0,0,0,0,,
coconut_01b,0,0,0,0,0,,
coconut_02s,0,0,0,0,0,,
coconut_03s,0,1,0,0,0,1,0
coconut_04s,0,1,0,0,0,1,0
coconut_05s,0,0,0,0,0,,
coconut_06s,0,0,0,0,1,,
coconut_07s,0,0,0,0,0,,
coconut_08s,0,0,0,0,0,,
coconut_09s,0,0,0,0,1,,
coconut_10s,0,0,0,0,1,,
coconut_11s,0,0,0,0,1,,
coconut_12s,0,0,0,0,0,,
coffee_pot_01s,0,0,0,0,0,,
coffee_pot_02s,0,0,0,0,1,,
coffee_pot_03s,0,0,0,1,0,,
coffee_pot_04s,0,0,0,1,0,,
coffee_pot_05s,0,0,0,1,0,,
coffee_pot_06s,0,0,0,0,0,,
coffee_pot_07s,0,0,0,0,0,,
coffee_pot_08s,0,0,0,1,0,,
coffee_pot_09s,0,0,0,1,0,,
coffee_pot_10s,0,0,0,0,0,,
coffee_pot_11s,0,0,0,0,0,,
coffee_pot_12s,0,0,0,0,0,,
coffin_01b,0,0,1,0,0,,
coffin_02s,0,0,0,0,0,,
coffin_03s,0,0,1,0,0,,
coffin_04s,0,0,0,0,0,,
coffin_05s,0,0,0,0,0,,
coffin_06s,0,0,0,0,0,,
coffin_07s,0,0,1,0,0,,
coffin_08s,0,0,0,0,0,,
coffin_09s,0,0,0,1,0,,
coffin_10s,0,0,0,0,0,,
coffin_11s,0,0,0,0,0,,
coffin_12s,0,0,0,0,0,,
coin_01b,0,0,0,1,1,,
coin_02s,0,0,0,1,1,,
coin_03s,0,0,1,1,1,,
coin_04s,0,0,1,1,1,,
coin_05s,0,0,0,1,1,,
coin_06s,0,0,1,0,0,,
coin_07s,0,0,1,0,0,,
coin_08s,0,0,1,1,1,,
coin_09s,0,0,1,1,1,,
coin_10s,0,0,1,1,1,,
coin_11s,0,0,1,1,1,,
coin_12s,0,0,1,1,0,,
coleslaw_01b,0,0,0,0,0,,
coleslaw_02n,0,0,0,0,0,,
coleslaw_03s,0,0,0,0,0,,
coleslaw_04s,0,0,0,0,0,,
coleslaw_05s,0,0,0,0,0,,
coleslaw_06s,0,0,0,0,0,,
coleslaw_07s,0,0,0,0,0,,
coleslaw_08s,0,0,0,0,0,,
coleslaw_09s,0,0,0,0,0,,
coleslaw_10s,0,0,0,0,0,,
coleslaw_11s,0,0,0,0,0,,
coleslaw_12s,0,0,0,0,0,,
comb_01b,0,0,0,0,0,,
comb_02s,0,0,0,0,0,,
comb_03s,0,0,1,0,1,,
comb_04s,0,0,0,0,0,,
comb_05s,0,0,0,0,1,,
comb_06s,0,0,0,0,1,,
comb_07s,0,0,0,0,0,,
comb_08s,0,0,0,0,0,,
comb_09s,0,0,1,0,0,,
comb_10s,0,0,1,0,0,,
comb_11s,0,0,1,0,0,,
comb_12s,0,0,0,0,0,,
compass_01b,0,0,1,0,0,,
compass_02s,0,0,1,0,0,,
compass_03s,0,0,1,0,0,,
compass_04s,0,0,1,0,0,,
compass_05s,0,0,1,0,0,,
compass_06n,0,0,1,0,0,,
compass_07n,0,0,1,0,0,,
compass_08s,0,0,1,0,0,,
compass_09n,0,0,1,0,0,,
compass_10n,0,0,1,0,0,,
compass_11n,0,0,1,0,0,,
compass_12n,0,0,1,0,0,,
computer_01b,0,0,1,0,0,,
computer_02s,0,0,0,1,0,,
computer_03n,0,0,0,0,0,,
computer_04s,0,0,1,0,0,,
computer_05s,0,1,0,0,0,1,0
computer_06n,0,0,1,0,0,,
computer_07s,0,0,1,0,0,,
computer_08s,0,0,1,0,0,,
computer_09n,0,0,1,0,0,,
computer_10n,1,1,0,0,0,0,0
computer_11s,0,0,1,0,0,,
computer_12s,0,1,1,0,0,1,0
computer_screen_01b,0,0,1,0,0,,
computer_screen_02s,0,1,0,0,0,1,0
computer_screen_03s,0,0,0,0,1,,
computer_screen_04s,0,0,1,0,0,,
computer_screen_05s,0,0,0,0,0,,
computer_screen_06s,0,0,0,0,0,,
computer_screen_07s,0,0,1,0,0,,
computer_screen_08s,0,0,1,0,0,,
computer_screen_09s,0,0,0,1,0,,
computer_screen_10s,0,0,0,0,0,,
computer_screen_11s,0,0,0,0,0,,
computer_screen_12s,0,0,0,0,0,,
confetti_01b,0,0,0,0,0,,
confetti_02s,0,0,1,0,0,,
confetti_03s,1,1,0,0,0,1,0
confetti_04s,0,1,0,0,0,1,0
confetti_05s,0,0,0,0,0,,
confetti_06s,0,0,0,0,0,,
confetti_07s,0,1,0,0,0,1,0
confetti_08s,0,0,0,0,0,,
confetti_09s,0,0,0,0,0,,
confetti_10s,1,0,0,0,0,1,0
confetti_11s,0,0,0,0,0,,
confetti_12s,0,0,0,0,0,,
contact_lens_01s,1,1,0,0,0,1,0
contact_lens_02s,0,1,0,0,0,1,0
contact_lens_03s,0,0,0,0,1,,
contact_lens_04s,1,1,0,0,0,1,0
contact_lens_05s,1,1,0,0,0,1,0
contact_lens_06s,1,1,0,0,0,1,0
contact_lens_07s,0,1,0,0,0,1,0
contact_lens_08s,0,1,0,0,0,1,0
contact_lens_09s,0,1,0,0,0,1,0
contact_lens_10s,1,1,0,0,0,1,0
contact_lens_11s,0,1,0,0,0,1,0
contact_lens_12s,1,1,0,0,0,1,0
cookie_01b,0,0,0,0,1,,
cookie_02s,0,0,0,0,1,,
cookie_03s,0,0,0,0,1,,
cookie_04s,0,0,0,0,1,,
cookie_05s,0,0,0,0,1,,
cookie_06s,0,0,0,0,1,,
cookie_07s,0,0,0,0,1,,
cookie_08s,0,0,0,0,1,,
cookie_09s,0,0,0,0,1,,
cookie_10s,0,0,0,0,1,,
cookie_11s,0,0,0,0,1,,
cookie_12s,0,0,0,0,1,,
copier_01s,0,0,1,1,0,,
copier_02s,0,0,1,1,0,,
copier_03s,0,0,1,1,0,,
copier_04n,0,0,1,0,0,,
copier_05s,0,0,1,0,0,,
copier_06n,0,0,1,0,0,,
copier_07n,0,0,1,0,0,,
copier_08s,0,0,1,0,0,,
copier_09s,0,0,1,0,0,,
copier_10n,0,0,0,0,0,,
copier_11n,0,0,1,0,0,,
copier_12s,0,0,1,0,0,,
cork_01b,0,0,1,0,0,,
cork_02s,0,0,0,0,1,,
cork_03s,0,0,0,0,1,,
cork_04s,0,0,0,0,1,,
cork_05s,0,0,0,0,1,,
cork_06s,0,0,0,0,1,,
cork_07s,0,0,1,0,1,,
cork_08s,0,0,1,0,1,,
cork_09s,0,0,1,0,1,,
cork_10s,0,0,1,0,1,,
cork_11s,0,0,1,1,1,,
cork_12s,0,0,1,0,1,,
corkscrew_01b,0,0,0,0,0,,
corkscrew_02s,0,0,0,0,0,,
corkscrew_03s,0,0,0,0,0,,
corkscrew_04s,0,0,0,0,0,,
corkscrew_05s,0,0,0,0,0,,
corkscrew_06s,0,0,0,0,0,,
corkscrew_07s,0,0,0,0,0,,
corkscrew_08n,0,0,0,0,0,,
corkscrew_09s,0,0,0,0,0,,
corkscrew_10s,0,0,0,0,0,,
corkscrew_11s,0,0,0,0,0,,
corkscrew_12s,0,0,0,0,0,,
corn_01s,0,0,0,0,0,,
corn_02s,0,0,0,0,0,,
corn_03s,0,0,0,0,0,,
corn_04s,0,0,0,0,0,,
corn_05s,0,0,0,0,1,,
corn_06s,0,0,0,0,1,,
corn_07s,0,1,0,0,0,1,0
corn_08s,0,0,0,0,1,,
corn_09s,0,0,0,0,0,,
corn_10s,0,0,0,0,1,,
corn_11s,0,0,0,0,0,,
corn_12s,0,0,0,0,1,,
cotton_candy_01b,0,0,0,0,0,,
cotton_candy_02s,0,0,0,0,1,,
cotton_candy_03s,0,0,0,0,1,,
cotton_candy_04s,0,0,0,0,1,,
cotton_candy_05s,0,0,0,0,0,,
cotton_candy_06s,1,0,0,0,1,1,0
cotton_candy_07s,0,0,0,0,0,,
cotton_candy_08s,0,0,0,0,0,,
cotton_candy_09s,0,1,0,0,0,1,0
cotton_candy_10s,0,1,0,0,0,1,0
cotton_candy_11s,0,1,0,0,0,1,0
cotton_candy_12s,0,1,0,0,0,1,0
couch_01b,0,0,0,0,0,,
couch_02s,0,0,0,0,0,,
couch_03s,0,0,0,0,0,,
couch_04s,0,0,0,0,0,,
couch_05s,0,0,0,0,0,,
couch_06s,0,0,0,0,0,,
couch_07s,0,0,0,0,0,,
couch_08n,0,0,0,0,0,,
couch_09s,0,0,0,0,0,,
couch_10s,0,0,0,0,0,,
couch_11s,0,0,0,0,0,,
couch_12s,0,0,0,0,0,,
coverall_01b,0,1,0,0,0,1,0
coverall_02s,0,1,0,0,0,1,0
coverall_03s,0,0,0,0,0,,
coverall_04s,0,0,0,0,0,,
coverall_05s,0,1,0,0,0,1,0
coverall_06s,0,1,0,0,0,1,0
coverall_07s,0,1,0,0,0,1,0
coverall_08s,1,1,0,0,0,1,0
coverall_09s,0,1,0,0,0,1,0
coverall_10s,1,1,0,0,0,1,0
coverall_11s,0,1,0,0,0,1,0
coverall_12s,0,1,0,0,0,1,0
cow_01b,1,1,0,0,1,0,0
cow_02s,1,1,0,0,0,0,0
cow_03s,1,1,0,0,0,0,0
cow_04s,1,1,0,0,0,0,0
cow_05s,1,1,0,0,0,0,0
cow_06n,1,1,0,0,0,0,0
cow_07s,1,1,0,0,0,0,0
cow_08s,1,1,0,0,0,0,0
cow_09s,1,1,0,0,0,0,0
cow_10s,1,1,0,0,0,0,0
cow_11s,1,1,0,0,0,0,0
cow_12s,1,1,0,0,0,0,0
cranberry_01b,0,0,0,0,1,,
cranberry_02s,0,1,0,0,1,1,0
cranberry_03n,0,0,0,0,1,,
cranberry_04n,0,0,0,0,1,,
cranberry_05s,0,0,0,0,1,,
cranberry_06n,0,0,0,0,1,,
cranberry_07n,0,0,0,0,1,,
cranberry_08s,0,1,0,0,1,1,0
cranberry_09n,0,0,0,0,1,,
cranberry_10s,0,0,0,0,1,,
cranberry_11n,0,0,0,0,1,,
cranberry_12s,0,0,0,0,1,,
crank_01b,0,0,0,0,0,,
crank_02s,0,0,0,0,0,,
crank_03s,0,1,0,0,0,1,0
crank_04s,0,0,0,0,0,,
crank_05s,0,1,0,0,0,1,0
crank_06s,0,0,1,0,0,,
crank_07s,0,0,1,0,0,,
crank_08s,0,0,0,0,0,,
crank_09s,0,1,0,0,0,1,0
crank_10s,0,0,0,0,0,,
crank_11s,0,0,0,0,0,,
crank_12s,0,0,1,0,0,,
crate_01b,0,0,1,0,0,,
crate_02s,0,0,0,0,0,,
crate_03s,0,0,1,0,0,,
crate_04s,0,0,0,0,0,,
crate_05s,0,0,0,0,0,,
crate_06s,0,0,1,0,1,,
crate_07s,0,0,0,0,0,,
crate_08s,0,0,0,0,0,,
crate_09s,0,0,1,0,0,,
crate_10s,0,0,0,0,0,,
crate_11s,0,0,0,0,0,,
crate_12s,0,0,1,0,0,,
crayfish_01b,0,1,0,0,0,1,0
crayfish_02s,0,0,0,0,0,,
crayfish_03s,0,0,0,0,1,,
crayfish_04s,0,0,0,0,0,,
crayfish_05s,0,0,0,0,1,,
crayfish_06n,0,0,0,0,0,,
crayfish_07s,0,0,0,0,0,,
crayfish_08s,0,0,0,0,0,,
crayfish_09s,0,0,0,0,1,,
crayfish_10s,0,0,0,0,0,,
crayfish_11s,0,0,0,0,0,,
crayfish_12s,0,0,0,0,0,,
crayon_01b,0,0,0,0,1,,
crayon_02s,0,0,0,0,1,,
crayon_03s,0,0,0,0,1,,
crayon_04s,0,0,0,0,1,,
crayon_05s,0,0,0,0,1,,
crayon_06s,0,0,0,0,1,,
crayon_07s,0,0,0,0,1,,
crayon_08s,0,0,0,0,1,,
crayon_09s,0,0,0,0,1,,
crayon_10s,0,0,0,0,1,,
crayon_11s,0,0,0,0,1,,
crayon_12s,0,0,0,0,1,,
credit_card_01b,0,1,1,0,0,1,0
credit_card_02s,0,0,1,0,0,,
credit_card_03s,0,0,1,0,0,,
credit_card_04s,0,1,1,0,0,1,0
credit_card_05s,0,0,1,0,0,,
credit_card_06s,0,0,1,0,0,,
credit_card_07s,0,1,1,0,0,1,0
credit_card_08s,0,1,1,0,0,1,0
credit_card_09s,0,1,0,0,0,1,0
credit_card_10s,0,0,1,0,1,,
credit_card_11s,0,1,1,0,0,1,0
credit_card_12s,0,0,0,0,1,,
crib_01b,0,0,0,0,0,,
crib_02s,0,0,0,0,0,,
crib_03s,0,0,0,0,0,,
crib_04s,0,0,0,0,0,,
crib_05s,0,0,0,0,0,,
crib_06s,0,0,0,0,0,,
crib_07s,0,0,0,0,0,,
crib_08s,0,0,0,0,0,,
crib_09n,0,0,0,0,0,,
crib_10s,0,0,0,0,0,,
crib_11n,0,0,0,0,0,,
crib_12s,0,0,0,0,0,,
croissant_01b,0,0,0,0,0,,
croissant_02s,0,0,0,0,1,,
croissant_03s,0,0,0,0,0,,
croissant_04s,0,0,0,0,1,,
croissant_05s,0,0,0,0,1,,
croissant_06s,0,0,0,0,1,,
croissant_07s,0,0,0,0,1,,
croissant_08s,0,0,0,0,1,,
croissant_09s,0,0,0,0,1,,
croissant_10s,0,0,0,0,1,,
croissant_11s,0,0,0,0,1,,
croissant_12s,0,0,0,0,0,,
crouton_01b,0,0,0,0,1,,
crouton_02n,0,0,0,0,1,,
crouton_03s,0,0,0,0,1,,
crouton_04n,0,0,0,0,1,,
crouton_05s,0,0,0,0,1,,
crouton_06s,0,0,0,0,1,,
crouton_07s,0,0,0,0,1,,
crouton_08n,0,0,0,0,1,,
crouton_09s,0,0,0,0,1,,
crouton_10n,0,0,0,0,1,,
crouton_11n,0,0,0,0,1,,
crouton_12s,0,0,0,0,1,,
crowbar_01b,0,0,0,0,0,,
crowbar_02s,0,0,0,0,0,,
crowbar_03s,0,0,0,0,0,,
crowbar_04s,0,1,0,0,0,1,0
crowbar_05n,0,0,0,0,1,,
crowbar_06n,0,0,0,0,0,,
crowbar_07n,0,0,0,0,0,,
crowbar_08s,0,0,0,0,0,,
crowbar_09s,0,0,0,0,0,,
crowbar_10s,0,0,0,0,0,,
crowbar_11s,0,0,0,0,0,,
crowbar_12s,0,0,0,0,1,,
crown_01b,0,0,0,0,0,,
crown_02s,0,0,0,0,0,,
crown_03s,0,0,0,0,0,,
crown_04s,0,0,0,0,0,,
crown_05n,0,0,0,0,0,,
crown_06s,0,0,0,0,0,,
crown_07s,0,0,0,0,0,,
crown_08s,0,0,0,0,0,,
crown_09s,0,0,0,0,0,,
crown_10s,0,0,0,0,0,,
crown_11s,0,0,0,0,0,,
crown_12s,0,0,0,0,0,,
crutch_01b,0,0,0,0,1,,
crutch_02s,0,0,0,0,1,,
crutch_03s,0,0,0,0,1,,
crutch_04s,0,0,0,0,0,,
crutch_05s,0,0,0,0,0,,
crutch_06s,0,0,0,0,0,,
crutch_07s,0,0,0,0,1,,
crutch_08s,0,0,0,0,0,,
crutch_09s,0,0,0,0,1,,
crutch_10s,0,0,0,0,1,,
crutch_11s,0,0,0,0,0,,
crutch_12s,0,0,0,0,1,,
crystal1_01b,0,0,0,0,0,,
crystal1_02s,0,0,0,0,0,,
crystal1_03s,0,0,0,0,0,,
crystal1_04s,0,0,0,0,0,,
crystal1_05s,0,0,0,0,0,,
crystal1_06s,0,0,0,0,0,,
crystal1_07s,0,1,0,0,0,1,0
crystal1_08s,0,0,0,0,0,,
crystal1_09s,0,0,0,0,0,,
crystal1_10s,0,0,0,0,0,,
crystal1_11s,0,0,0,0,0,,
crystal1_12s,0,0,0,0,0,,
cucumber_01b,0,0,0,0,1,,
cucumber_02s,0,0,0,0,1,,
cucumber_03s,0,0,0,0,1,,
cucumber_04s,0,0,0,0,1,,
cucumber_05s,0,0,0,0,1,,
cucumber_06s,0,0,0,0,1,,
cucumber_07s,0,0,0,0,1,,
cucumber_08s,0,0,0,0,0,,
cucumber_09s,0,0,0,0,0,,
cucumber_10s,0,0,0,0,1,,
cucumber_11s,0,0,0,0,1,,
cucumber_12s,0,0,0,0,1,,
cufflink_01b,0,0,0,0,1,,
cufflink_02s,0,1,0,0,0,1,0
cufflink_03s,0,1,0,1,0,1,0
cufflink_04s,0,1,0,0,0,1,0
cufflink_05s,0,1,0,1,0,1,0
cufflink_06s,0,1,0,0,0,1,0
cufflink_07s,0,1,1,0,0,1,0
cufflink_08s,0,1,0,0,0,1,0
cufflink_09s,0,1,0,0,0,1,0
cufflink_10s,0,1,0,0,0,1,0
cufflink_11s,0,1,0,0,0,1,0
cufflink_12s,0,1,1,0,0,1,0
cup_01s,0,0,0,0,0,,
cup_02s,0,0,0,1,0,,
cup_03s,0,0,0,0,0,,
cup_04s,0,0,0,0,0,,
cup_05s,0,0,0,0,1,,
cup_06s,0,0,0,0,0,,
cup_07s,0,0,0,0,0,,
cup_08s,0,0,0,0,0,,
cup_09s,0,0,0,0,0,,
cup_10s,0,0,0,0,0,,
cup_11s,0,0,0,0,0,,
cup_12s,0,0,0,0,0,,
cupcake_01b,0,0,0,0,0,,
cupcake_02s,0,0,0,0,0,,
cupcake_03s,0,0,0,0,1,,
cupcake_04s,0,0,0,0,1,,
cupcake_05s,0,0,0,0,0,,
cupcake_06s,0,1,0,0,0,1,0
cupcake_07s,0,0,0,0,1,,
cupcake_08s,0,0,0,0,1,,
cupcake_09s,0,0,0,0,0,,
cupcake_10s,0,0,0,0,0,,
cupcake_11s,0,0,0,0,0,,
cupcake_12s,0,0,0,0,1,,
curtain_01b,0,0,0,0,0,,
curtain_02n,0,0,0,0,0,,
curtain_03s,0,0,0,0,0,,
curtain_04s,0,0,0,0,0,,
curtain_05s,0,0,0,0,0,,
curtain_06s,0,0,0,0,0,,
curtain_07s,0,0,0,1,0,,
curtain_08s,0,0,1,0,0,,
curtain_09s,0,0,0,0,0,,
curtain_10s,0,0,1,0,0,,
curtain_11s,0,0,0,0,0,,
curtain_12s,0,0,0,0,0,,
cymbal_01b,0,0,1,0,0,,
cymbal_02s,0,0,0,0,1,,
cymbal_03s,0,0,1,0,1,,
cymbal_04s,0,1,0,0,0,1,0
cymbal_05s,0,0,1,0,1,,
cymbal_06s,0,0,1,0,0,,
cymbal_07s,0,0,1,0,0,,
cymbal_08s,0,0,1,0,0,,
cymbal_09s,1,1,0,0,0,1,0
cymbal_10s,0,0,1,0,0,,
cymbal_11s,0,0,1,0,0,,
cymbal_12s,0,0,0,0,0,,
dashboard_01b,0,0,1,1,0,,
dashboard_02s,0,0,1,1,0,,
dashboard_03s,0,0,1,0,0,,
dashboard_04s,0,0,1,1,0,,
dashboard_05s,0,0,0,0,0,,
dashboard_06s,0,0,0,0,0,,
dashboard_07s,0,0,0,1,0,,
dashboard_08s,0,0,0,1,0,,
dashboard_09s,0,0,1,1,0,,
dashboard_10s,0,0,1,0,0,,
dashboard_11s,0,0,1,1,0,,
dashboard_12s,0,0,1,1,0,,
deer_01b,1,1,0,0,0,0,0
deer_02s,1,1,0,0,0,0,0
deer_03s,1,1,0,0,0,0,0
deer_04s,1,1,0,0,0,0,0
deer_05s,1,1,0,0,0,0,0
deer_06s,1,1,0,0,0,0,0
deer_07s,1,1,0,0,0,0,0
deer_08s,1,1,0,0,0,0,0
deer_09s,1,1,0,0,0,0,0
deer_10s,1,1,0,0,0,0,0
deer_11s,1,1,0,0,0,0,0
deer_12s,1,1,0,0,0,0,0
defibrillator_01b,0,0,1,1,0,,
defibrillator_02s,0,1,1,1,0,1,0
defibrillator_03s,0,1,1,1,0,1,0
defibrillator_04s,0,0,1,0,0,,
defibrillator_05s,0,0,1,0,0,,
defibrillator_06s,0,0,1,1,0,,
defibrillator_07s,0,1,1,1,0,1,0
defibrillator_08s,0,0,1,1,0,,
defibrillator_09s,0,0,1,1,0,,
defibrillator_10s,0,0,1,0,0,,
defibrillator_11s,0,1,1,1,0,1,0
defibrillator_12s,0,1,1,0,0,1,0
desk_01b,0,0,0,0,0,,
desk_02s,0,0,0,0,0,,
desk_03s,0,0,0,0,0,,
desk_04s,0,0,1,0,0,,
desk_05s,0,0,0,0,0,,
desk_06s,0,0,0,0,0,,
desk_07s,0,0,1,0,0,,
desk_08s,0,0,0,0,0,,
desk_09s,0,0,0,0,0,,
desk_10s,0,0,0,0,0,,
desk_11s,0,0,0,0,0,,
desk_12s,0,0,0,0,0,,
diaper_01b,0,0,0,0,0,,
diaper_02s,0,0,0,0,0,,
diaper_03s,0,0,1,1,0,,
diaper_04s,0,0,0,0,0,,
diaper_05s,0,0,0,0,0,,
diaper_06s,0,0,0,1,0,,
diaper_07s,0,0,0,0,0,,
diaper_08s,0,0,1,0,0,,
diaper_09s,0,0,1,0,0,,
diaper_10s,0,0,0,1,0,,
diaper_11s,0,0,0,0,0,,
diaper_12s,0,0,0,0,0,,
dice_01s,0,0,0,1,1,,
dice_02s,0,0,0,1,1,,
dice_03s,0,0,0,1,1,,
dice_04s,0,0,0,1,1,,
dice_05s,0,0,0,1,1,,
dice_06s,0,0,0,1,1,,
dice_07s,0,0,0,1,1,,
dice_08s,0,0,0,1,1,,
dice_09s,0,0,0,1,1,,
dice_10s,0,0,0,1,1,,
dice_11s,0,0,0,1,1,,
dice_12s,0,0,0,1,1,,
dish_01b,0,0,0,0,1,,
dish_02s,0,0,0,0,1,,
dish_03s,0,0,0,0,1,,
dish_04s,0,0,0,0,1,,
dish_05s,0,0,0,0,1,,
dish_06s,0,0,0,0,1,,
dish_07s,0,0,0,0,1,,
dish_08s,0,0,0,0,1,,
dish_09s,0,0,0,0,1,,
dish_10s,0,0,0,0,1,,
dish_11s,0,0,0,0,1,,
dish_12s,0,0,0,0,1,,
dishrag_01b,0,0,0,0,1,,
dishrag_02s,0,0,0,0,1,,
dishrag_03s,0,0,0,0,1,,
dishrag_04s,0,0,0,0,1,,
dishrag_05s,0,0,0,0,1,,
dishrag_06s,0,0,0,0,1,,
dishrag_07s,0,0,0,0,0,,
dishrag_08s,0,0,0,0,0,,
dishrag_09s,0,0,0,0,1,,
dishrag_10s,0,0,0,0,0,,
dishrag_11s,0,0,0,0,1,,
dishrag_12s,0,0,0,0,1,,
dishwasher_01b,0,0,1,0,0,,
dishwasher_02s,0,0,0,0,0,,
dishwasher_03s,0,0,0,0,0,,
dishwasher_04s,0,0,1,0,0,,
dishwasher_05s,0,0,0,0,0,,
dishwasher_06s,0,0,0,0,0,,
dishwasher_07s,0,0,0,0,0,,
dishwasher_08s,0,0,0,0,0,,
dishwasher_09s,0,0,0,0,0,,
dishwasher_10n,0,0,1,0,0,,
dishwasher_11s,0,0,0,0,0,,
dishwasher_12n,0,0,0,0,0,,
dog_01b,1,1,0,0,0,0,0
dog_02s,1,1,0,0,0,0,0
dog_03s,1,1,0,0,0,0,0
dog_04s,1,1,0,0,0,0,0
dog_05s,1,1,0,0,0,0,0
dog_06s,1,1,0,0,0,1,0
dog_07s,1,1,0,0,0,0,0
dog_08s,1,1,0,0,0,0,0
dog_09s,1,1,0,0,0,0,0
dog_10s,1,1,0,0,0,0,0
dog_11s,1,1,0,0,0,0,0
dog_12s,1,1,0,0,0,0,0
doll_01b,1,0,0,0,0,0,0
doll_02s,1,0,0,0,0,0,0
doll_03s,1,1,0,0,0,0,0
doll_04s,1,1,0,0,0,0,0
doll_05s,1,1,0,0,0,0,0
doll_06s,1,1,0,0,0,1,0
doll_07s,0,0,0,0,0,,
doll_08s,0,1,0,0,0,0,0
doll_09s,1,1,0,0,0,0,0
doll_10s,1,1,0,0,0,0,0
doll_11s,1,1,0,0,0,0,0
doll_12s,1,1,0,0,0,0,0
dollhouse_01b,0,0,0,0,0,,
dollhouse_02s,0,0,0,0,0,,
dollhouse_03s,0,0,0,0,0,,
dollhouse_04s,0,0,0,0,0,,
dollhouse_05s,0,0,0,0,0,,
dollhouse_06s,0,0,0,0,0,,
dollhouse_07s,0,0,0,0,0,,
dollhouse_08s,0,0,0,0,0,,
dollhouse_09s,0,0,0,0,0,,
dollhouse_10s,0,0,0,0,0,,
dollhouse_11s,0,0,0,0,0,,
dollhouse_12s,0,0,0,0,0,,
dolly_01s,0,0,0,0,0,,
dolly_02s,0,0,1,0,0,,
dolly_03s,0,0,0,0,0,,
dolly_04s,0,0,0,0,0,,
dolly_05s,0,0,0,0,0,,
dolly_06s,0,0,0,0,0,,
dolly_07s,0,0,0,0,0,,
dolly_08s,0,0,0,0,0,,
dolly_09s,0,0,0,0,0,,
dolly_10s,0,0,1,0,0,,
dolly_11s,0,0,0,0,0,,
dolly_12s,0,0,0,0,0,,
dolphin_01b,1,1,0,0,0,0,0
dolphin_02s,1,1,0,0,0,0,0
dolphin_03n,1,0,0,0,0,0,0
dolphin_04s,1,1,0,0,0,0,0
dolphin_05s,1,1,0,0,0,0,0
dolphin_06s,1,1,0,0,0,0,0
dolphin_07s,1,1,0,0,0,0,0
dolphin_08s,1,1,0,0,1,0,0
dolphin_09n,1,1,0,0,1,0,0
dolphin_10s,0,1,0,0,1,0,0
dolphin_11n,1,0,0,0,0,0,0
dolphin_12s,1,1,0,0,0,0,0
donkey_01b,1,1,0,0,0,0,0
donkey_02n,1,1,0,0,0,0,0
donkey_03s,1,1,0,0,0,0,0
donkey_04s,1,1,0,0,0,0,0
donkey_05n,1,1,0,0,0,0,0
donkey_06s,1,1,0,0,0,0,0
donkey_07s,1,1,0,0,0,0,0
donkey_08s,1,1,0,0,0,0,0
donkey_09n,1,1,0,0,0,0,0
donkey_10s,1,1,0,0,0,0,0
donkey_11s,1,1,0,0,0,0,0
donkey_12s,1,1,0,0,0,0,0
donut_01b,0,0,0,0,1,,
donut_02s,0,0,0,0,1,,
donut_03s,0,1,0,0,0,1,0
donut_04s,0,0,0,0,1,,
donut_05s,0,0,0,0,1,,
donut_06s,0,0,0,0,1,,
donut_07s,0,0,0,0,1,,
donut_08s,0,0,0,0,1,,
donut_09s,0,0,0,0,1,,
donut_10s,0,0,0,0,0,,
donut_11s,0,0,0,0,1,,
donut_12s,0,0,0,0,1,,
doormat_01b,0,0,0,0,0,,
doormat_02s,0,0,0,0,0,,
doormat_03s,0,0,0,0,0,,
doormat_04s,0,0,0,0,0,,
doormat_05s,0,0,0,1,0,,
doormat_06s,0,1,0,1,0,1,0
doormat_07s,0,0,0,0,0,,
doormat_08s,0,0,0,1,0,,
doormat_09s,0,0,0,0,0,,
doormat_10s,0,0,1,0,0,,
doormat_11s,0,0,0,1,0,,
doormat_12s,0,0,0,0,0,,
dough_01b,0,0,0,0,0,,
dough_02s,0,0,0,0,0,,
dough_03s,0,0,0,0,1,,
dough_04s,0,0,0,0,0,,
dough_05s,0,1,0,0,0,1,0
dough_06s,0,0,0,0,0,,
dough_07s,0,0,0,0,0,,
dough_08s,0,0,0,0,0,,
dough_09s,0,0,0,0,0,,
dough_10s,0,0,0,0,0,,
dough_11s,0,0,0,0,0,,
dough_12s,0,0,0,0,1,,
dragonfly_01b,0,0,0,0,0,,
dragonfly_02s,0,1,0,0,0,1,0
dragonfly_03s,0,0,0,0,0,,
dragonfly_04s,0,0,0,0,0,,
dragonfly_05n,0,0,0,0,0,,
dragonfly_06s,0,0,0,0,0,,
dragonfly_07s,0,0,0,0,0,,
dragonfly_08s,0,0,0,0,0,,
dragonfly_09s,0,0,0,0,0,,
dragonfly_10s,0,0,0,0,0,,
dragonfly_11n,0,0,0,0,0,,
dragonfly_12s,0,0,0,0,0,,
drain_01b,0,0,0,0,0,,
drain_02s,0,0,0,0,0,,
drain_03s,0,0,0,0,0,,
drain_04s,0,0,0,0,0,,
drain_05s,0,0,0,0,0,,
drain_06s,0,0,0,0,1,,
drain_07s,0,0,0,0,1,,
drain_08s,0,0,0,0,0,,
drain_09s,0,0,0,0,0,,
drain_10s,0,0,0,0,0,,
drain_11s,0,0,0,0,0,,
drain_12s,0,0,0,0,0,,
drawer_01b,0,0,0,0,0,,
drawer_02s,0,0,0,0,0,,
drawer_03s,0,0,0,0,0,,
drawer_04s,0,0,0,0,1,,
drawer_05s,0,0,0,0,0,,
drawer_06s,0,1,0,0,0,1,0
drawer_07s,0,0,0,0,0,,
drawer_08s,0,0,0,0,0,,
drawer_09s,0,0,0,0,1,,
drawer_10s,0,0,0,0,0,,
drawer_11s,0,0,0,0,1,,
drawer_12s,0,1,0,0,0,1,0
dress_01b,0,0,0,0,0,,
dress_02s,0,0,0,0,0,,
dress_03s,0,0,0,0,0,,
dress_04s,0,1,0,0,0,1,0
dress_05s,0,1,0,0,0,0,0
dress_06s,0,0,0,0,0,,
dress_07s,0,0,0,0,0,,
dress_08s,0,0,0,0,0,,
dress_09s,0,0,0,0,0,,
dress_10s,0,1,0,0,0,0,0
dress_11s,0,0,0,0,0,,
dress_12s,0,0,0,0,0,,
dresser_01b,0,0,0,0,0,,
dresser_02s,0,0,0,0,0,,
dresser_03n,0,0,0,0,0,,
dresser_04s,0,0,0,0,0,,
dresser_05n,0,0,0,0,0,,
dresser_06n,0,0,0,0,0,,
dresser_07s,0,0,0,0,0,,
dresser_08s,0,0,0,0,0,,
dresser_09n,0,0,0,0,0,,
dresser_10s,0,0,0,0,0,,
dresser_11s,0,0,0,0,0,,
dresser_12n,0,0,0,0,0,,
drill_01b,0,0,1,0,0,,
drill_02s,0,0,1,0,0,,
drill_03s,0,0,0,0,1,,
drill_04s,0,0,1,0,0,,
drill_05s,0,1,1,0,0,1,0
drill_06s,0,0,0,0,1,,
drill_07s,0,0,1,0,0,,
drill_08s,0,1,1,0,0,1,0
drill_09s,0,0,1,0,0,,
drill_10s,0,0,1,0,0,,
drill_11s,0,0,1,0,0,,
drill_12s,0,0,1,0,0,,
drum_01b,0,0,0,0,1,,
drum_02s,0,0,0,0,0,,
drum_03n,0,0,1,0,0,,
drum_04s,0,0,1,0,0,,
drum_05s,0,0,1,0,0,,
drum_06s,0,0,0,0,0,,
drum_07s,0,0,1,0,0,,
drum_08s,0,0,1,0,0,,
drum_09s,0,1,1,0,0,1,0
drum_10n,0,0,1,0,0,,
drum_11n,0,1,1,0,0,1,0
drum_12s,0,0,1,0,0,,
duster_01s,0,0,0,0,1,,
duster_02s,0,1,0,0,0,1,0
duster_03s,0,1,1,0,0,1,0
duster_04s,0,1,0,0,0,1,0
duster_05s,0,0,0,0,1,,
duster_06s,0,1,0,0,0,1,0
duster_07s,0,1,0,0,0,1,0
duster_08s,0,1,0,0,0,1,0
duster_09s,0,1,0,0,0,1,0
duster_10s,0,0,0,0,0,,
duster_11s,0,0,0,0,0,,
duster_12s,0,0,0,0,1,,
dustpan_01b,0,0,0,0,0,,
dustpan_02n,0,0,1,0,0,,
dustpan_03n,0,0,1,0,0,,
dustpan_04n,0,0,0,0,0,,
dustpan_05s,0,0,0,0,0,,
dustpan_06s,0,0,0,0,0,,
dustpan_07s,0,0,0,0,1,,
dustpan_08s,0,0,0,0,0,,
dustpan_09s,0,0,0,0,0,,
dustpan_10s,0,1,0,0,0,1,0
dustpan_11s,0,0,0,0,0,,
dustpan_12s,0,0,1,0,0,,
earring_01b,0,0,0,0,1,,
earring_02s,0,0,0,0,1,,
earring_03n,0,0,0,0,1,,
earring_04n,0,0,0,0,0,,
earring_05s,0,0,0,0,1,,
earring_06n,0,0,0,0,1,,
earring_07n,0,0,0,0,1,,
earring_08n,0,0,0,0,1,,
earring_09s,0,0,0,0,0,,
earring_10s,0,0,0,0,1,,
earring_11n,0,0,0,0,1,,
earring_12s,0,0,0,0,1,,
earwig_01b,0,0,0,0,0,,
earwig_02s,0,0,0,0,0,,
earwig_03s,0,0,0,0,0,,
earwig_04s,0,0,0,0,0,,
earwig_05s,0,0,0,0,0,,
earwig_06n,0,0,0,0,0,,
earwig_07n,0,0,0,0,0,,
earwig_08n,0,0,0,0,0,,
earwig_09s,0,0,0,0,0,,
earwig_10n,0,0,0,0,0,,
earwig_11s,0,0,0,0,0,,
earwig_12s,0,0,0,0,0,,
easel_01b,0,0,0,0,0,,
easel_02s,0,0,0,0,0,,
easel_03s,0,0,0,0,0,,
easel_04s,0,0,0,0,0,,
easel_05s,0,0,0,0,0,,
easel_06s,0,0,0,0,0,,
easel_07s,0,0,0,0,0,,
easel_08s,0,0,0,0,0,,
easel_09s,0,0,0,0,0,,
easel_10s,0,0,0,0,0,,
easel_11s,0,0,0,0,0,,
easel_12s,0,0,1,0,0,,
egg_01b,0,0,0,0,1,,
egg_02s,0,0,0,0,1,,
egg_03s,0,0,0,0,1,,
egg_04s,0,0,0,0,1,,
egg_05s,0,0,0,0,1,,
egg_06s,0,0,0,0,1,,
egg_07s,0,0,0,0,1,,
egg_08s,0,0,0,0,1,,
egg_09s,0,0,0,0,1,,
egg_10s,0,0,0,0,1,,
egg_11s,0,0,0,0,1,,
egg_12s,0,0,0,0,1,,
egg_roll_01b,0,0,0,0,0,,
egg_roll_02s,0,0,0,0,0,,
egg_roll_03n,0,0,0,0,1,,
egg_roll_04s,0,0,0,0,1,,
egg_roll_05s,0,0,0,0,1,,
egg_roll_06s,0,0,0,0,1,,
egg_roll_07n,0,0,0,0,1,,
egg_roll_08n,0,0,0,0,1,,
egg_roll_09n,0,0,0,0,1,,
egg_roll_10s,0,0,0,0,0,,
egg_roll_11s,0,0,0,0,0,,
egg_roll_12n,0,0,0,0,0,,
eggbeater_01b,0,0,0,0,0,,
eggbeater_02s,0,0,0,0,1,,
eggbeater_03s,0,0,0,0,1,,
eggbeater_04s,0,0,0,0,1,,
eggbeater_05s,0,0,0,0,1,,
eggbeater_06s,0,0,0,0,1,,
eggbeater_07s,0,0,0,0,0,,
eggbeater_08s,0,0,0,0,1,,
eggbeater_09s,0,0,0,0,1,,
eggbeater_10s,0,0,0,0,1,,
eggbeater_11s,0,0,0,0,1,,
eggbeater_12s,0,0,0,0,1,,
eggplant_01b,0,0,0,0,0,,
eggplant_02s,0,0,0,0,0,,
eggplant_03s,0,0,0,0,1,,
eggplant_04s,0,0,0,0,0,,
eggplant_05n,0,0,0,0,0,,
eggplant_06s,0,0,0,0,1,,
eggplant_07s,0,0,0,0,1,,
eggplant_08s,0,0,0,0,1,,
eggplant_09s,0,0,0,0,1,,
eggplant_10s,0,0,0,0,0,,
eggplant_11s,0,0,0,0,0,,
eggplant_12s,0,0,0,0,0,,
elbow_01b,0,1,0,0,0,1,0
elbow_02s,0,1,0,0,0,1,0
elbow_03s,0,1,0,0,0,1,0
elbow_04s,0,1,0,0,0,1,0
elbow_05s,0,1,0,0,0,1,0
elbow_06s,0,1,0,0,0,1,0
elbow_07s,0,1,0,0,0,1,0
elbow_08s,0,1,0,0,0,1,0
elbow_09s,0,1,0,0,0,1,0
elbow_10s,0,1,0,0,0,1,0
elbow_11s,0,1,0,0,0,1,0
elbow_12s,0,1,0,0,0,1,0
elephant_01b,1,1,0,0,0,0,0
elephant_02n,1,1,0,0,0,0,0
elephant_03n,1,1,0,0,1,0,0
elephant_04n,1,1,0,0,0,0,0
elephant_05n,1,1,0,0,1,0,0
elephant_06n,1,1,0,0,1,0,0
elephant_07n,1,1,0,0,0,0,0
elephant_08n,0,1,0,0,0,0,0
elephant_09n,1,1,0,0,0,0,0
elephant_10n,1,1,0,0,0,0,0
elephant_11n,1,1,0,0,0,0,0
elephant_12n,1,1,0,0,1,0,0
emerald_01b,0,0,0,0,0,,
emerald_02s,0,0,0,0,0,,
emerald_03s,0,0,0,0,0,,
emerald_04s,0,0,0,0,1,,
emerald_05n,0,0,0,0,0,,
emerald_06s,0,1,0,0,0,1,0
emerald_07s,0,0,0,0,1,,
emerald_08n,0,0,0,0,0,,
emerald_09s,0,0,0,0,1,,
emerald_10s,0,0,0,0,1,,
emerald_11s,0,0,0,0,1,,
emerald_12s,0,0,0,0,1,,
envelope_01b,0,0,1,0,0,,
envelope_02s,0,0,0,0,0,,
envelope_03s,0,0,0,1,0,,
envelope_04s,0,0,0,1,0,,
envelope_05s,0,0,0,0,0,,
envelope_06s,0,0,0,0,0,,
envelope_07s,0,0,1,1,0,,
envelope_08n,0,0,1,0,0,,
envelope_09s,0,0,0,1,0,,
envelope_10s,0,0,0,0,0,,
envelope_11s,0,0,0,0,0,,
envelope_12s,0,0,0,0,0,,
extinguisher_01b,0,0,0,0,1,,
extinguisher_02s,0,0,1,0,1,,
extinguisher_03s,0,0,1,0,0,,
extinguisher_04s,0,0,1,0,1,,
extinguisher_05s,0,0,1,0,0,,
extinguisher_06s,0,0,1,0,0,,
extinguisher_07s,0,0,1,0,0,,
extinguisher_08s,0,0,1,0,1,,
extinguisher_09s,0,0,1,0,0,,
extinguisher_10s,0,0,1,0,0,,
extinguisher_11s,0,0,1,0,0,,
extinguisher_12s,0,0,1,0,0,,
eyedropper_01b,0,0,0,0,1,,
eyedropper_02s,0,0,0,1,0,,
eyedropper_03s,0,0,0,0,1,,
eyedropper_04s,0,0,0,0,0,,
eyedropper_05s,0,1,0,0,0,1,0
eyedropper_06s,0,0,0,0,0,,
eyedropper_07s,0,0,0,0,1,,
eyedropper_08s,0,0,0,0,0,,
eyedropper_09s,0,0,0,0,1,,
eyedropper_10s,0,0,0,0,1,,
eyedropper_11s,0,0,0,0,0,,
eyedropper_12s,0,1,1,0,0,1,0
eyepiece_01s,0,0,1,0,0,,
eyepiece_02s,0,0,1,0,0,,
eyepiece_03s,0,0,1,0,0,,
eyepiece_04s,0,0,1,0,0,,
eyepiece_05s,0,0,1,0,0,,
eyepiece_06s,0,1,0,0,0,1,0
eyepiece_07s,0,0,0,0,0,,
eyepiece_08s,0,0,1,0,0,,
eyepiece_09s,0,0,1,0,1,,
eyepiece_10s,0,0,1,0,1,,
eyepiece_11s,0,0,0,0,0,,
eyepiece_12s,0,0,1,0,0,,
face_01b,1,0,0,0,0,1,0
face_02s,1,0,0,0,0,1,0
face_03s,1,0,0,0,0,1,0
face_04s,1,0,0,0,0,1,0
face_05s,1,0,0,0,0,1,0
face_06s,1,0,0,0,0,1,0
face_07s,1,0,0,0,0,1,0
face_08s,1,0,0,0,0,1,0
face_09s,1,0,0,0,0,1,0
face_10s,1,0,0,0,0,1,0
face_11s,1,0,0,0,0,1,0
face_12s,1,0,0,0,0,1,0
face_mask_01b,1,0,1,0,0,0,0
face_mask_02s,0,0,1,0,0,,
face_mask_03s,0,0,1,0,0,,
face_mask_04s,0,0,0,0,0,,
face_mask_05s,0,0,0,0,0,,
face_mask_06s,0,0,1,0,0,,
face_mask_07s,0,0,1,0,0,,
face_mask_08s,0,0,1,0,0,,
face_mask_09s,0,0,1,0,0,,
face_mask_10s,0,0,1,0,0,,
face_mask_11s,0,0,1,0,0,,
face_mask_12s,0,0,1,0,0,,
fence_01b,0,0,0,0,0,,
fence_02s,0,0,0,0,0,,
fence_03s,0,0,0,0,0,,
fence_04s,0,0,0,0,0,,
fence_05s,0,0,0,0,0,,
fence_06s,0,0,0,0,0,,
fence_07s,0,0,0,0,0,,
fence_08s,0,0,0,0,0,,
fence_09s,0,0,0,0,0,,
fence_10s,0,0,0,0,0,,
fence_11s,0,0,0,0,0,,
fence_12s,0,0,0,0,0,,
fern_01b,0,0,0,0,0,,
fern_02n,0,0,0,0,0,,
fern_03s,0,0,0,0,0,,
fern_04n,0,0,0,0,0,,
fern_05s,0,0,0,0,0,,
fern_06s,0,0,0,0,0,,
fern_07s,0,0,0,0,0,,
fern_08s,0,0,0,0,0,,
fern_09n,0,0,0,0,0,,
fern_10n,0,0,0,0,0,,
fern_11s,0,0,0,0,0,,
fern_12s,0,0,0,0,0,,
ferret_01b,1,1,0,0,0,0,0
ferret_02s,0,1,0,0,0,0,0
ferret_03s,1,1,0,0,0,0,0
ferret_04s,1,1,0,0,0,0,0
ferret_05s,1,0,0,0,0,0,0
ferret_06n,1,0,0,0,0,0,0
ferret_07s,1,1,0,0,0,0,0
ferret_08s,1,1,0,0,0,0,0
ferret_09n,1,0,0,0,0,0,0
ferret_10s,1,1,0,0,0,0,0
ferret_11s,1,1,0,0,0,0,0
ferret_12s,1,1,0,0,0,0,0
ferris_wheel_01b,0,0,0,0,0,,
ferris_wheel_02s,0,0,0,0,0,,
ferris_wheel_03s,0,0,0,0,0,,
ferris_wheel_04s,0,0,0,0,0,,
ferris_wheel_05s,0,0,1,0,0,,
ferris_wheel_06s,0,0,0,0,0,,
ferris_wheel_07s,0,0,0,0,0,,
ferris_wheel_08s,0,0,0,0,0,,
ferris_wheel_09s,0,0,1,0,0,,
ferris_wheel_10s,0,0,0,1,0,,
ferris_wheel_11s,0,0,0,0,0,,
ferris_wheel_12s,0,0,0,0,0,,
fig_01b,0,0,0,0,1,,
fig_02s,0,0,0,0,1,,
fig_03s,0,0,0,0,1,,
fig_04s,0,0,0,0,1,,
fig_05s,0,0,0,0,1,,
fig_06n,0,0,0,0,1,,
fig_07s,0,0,0,0,1,,
fig_08s,0,0,0,0,1,,
fig_09n,0,0,0,0,1,,
fig_10s,0,0,0,0,1,,
fig_11s,0,0,0,0,1,,
fig_12s,0,0,0,0,1,,
filing_cabinet_01b,0,0,0,0,0,,
filing_cabinet_02s,0,0,0,0,1,,
filing_cabinet_03s,0,0,0,0,0,,
filing_cabinet_04s,0,0,0,0,0,,
filing_cabinet_05s,0,0,0,0,0,,
filing_cabinet_06s,0,0,0,0,0,,
filing_cabinet_07s,0,0,0,0,0,,
filing_cabinet_08s,0,0,0,0,0,,
filing_cabinet_09s,0,0,0,0,0,,
filing_cabinet_10s,0,0,1,0,0,,
filing_cabinet_11s,0,0,0,0,1,,
filing_cabinet_12s,0,0,0,0,0,,
fire_01b,0,0,0,0,0,,
fire_02s,0,0,0,0,0,,
fire_03s,0,0,0,0,0,,
fire_04s,0,0,0,0,0,,
fire_05s,0,0,0,0,0,,
fire_06s,0,0,0,0,0,,
fire_07s,0,0,0,0,0,,
fire_08s,0,0,0,0,0,,
fire_09s,0,0,0,0,0,,
fire_10s,0,0,0,0,0,,
fire_11s,0,0,0,0,0,,
fire_12s,0,0,0,0,0,,
firetruck_01b,0,0,1,0,0,,
firetruck_02s,0,0,1,0,0,,
firetruck_03s,0,0,1,0,0,,
firetruck_04s,0,0,1,0,0,,
firetruck_05s,0,0,1,0,0,,
firetruck_06s,0,0,0,0,0,,
firetruck_07s,0,0,1,0,0,,
firetruck_08s,0,0,1,0,0,,
firetruck_09s,1,0,1,0,0,1,0
firetruck_10s,0,0,1,0,0,,
firetruck_11s,0,0,1,0,0,,
firetruck_12s,0,0,1,0,0,,
fireworks_01b,0,0,0,0,0,,
fireworks_02s,0,0,0,0,0,,
fireworks_03s,0,0,0,0,0,,
fireworks_04s,0,0,0,0,0,,
fireworks_05s,0,0,0,0,0,,
fireworks_06s,0,0,0,0,0,,
fireworks_07s,0,0,0,0,0,,
fireworks_08s,0,0,0,0,0,,
fireworks_09s,0,0,0,0,0,,
fireworks_10s,0,0,0,0,0,,
fireworks_11s,0,0,0,0,0,,
fireworks_12s,0,0,0,0,0,,
fish_01b,0,0,0,0,0,,
fish_02s,0,0,0,0,0,,
fish_03s,0,0,0,0,0,,
fish_04s,0,0,0,0,0,,
fish_05s,0,0,0,0,0,,
fish_06s,0,0,0,0,0,,
fish_07s,0,0,0,0,0,,
fish_08s,0,0,0,0,0,,
fish_09s,0,0,0,0,0,,
fish_10s,0,0,0,0,0,,
fish_11s,0,0,0,0,0,,
fish_12s,0,0,0,0,0,,
flag_01b,0,0,0,0,0,,
flag_02s,0,0,0,1,0,,
flag_03s,0,0,0,0,0,,
flag_04s,0,0,0,0,0,,
flag_05s,0,0,0,0,0,,
flag_06n,0,0,0,1,0,,
flag_07n,0,0,1,0,0,,
flag_08s,0,0,0,1,0,,
flag_09s,0,0,0,1,0,,
flag_10n,0,0,0,1,0,,
flag_11s,0,0,0,0,0,,
flag_12s,0,0,0,0,0,,
flashbulb_01b,0,0,1,0,0,,
flashbulb_02s,0,0,1,0,0,,
flashbulb_03s,0,0,0,0,0,,
flashbulb_04s,0,0,1,0,0,,
flashbulb_05s,0,0,1,0,0,,
flashbulb_06s,0,0,0,0,0,,
flashbulb_07s,0,0,1,0,0,,
flashbulb_08s,1,0,1,0,0,1,0
flashbulb_09s,0,0,1,0,0,,
flashbulb_10s,0,0,1,0,0,,
flashbulb_11n,0,0,1,0,0,,
flashbulb_12s,0,0,0,0,0,,
flashlight_01b,0,0,0,0,0,,
flashlight_02s,0,0,1,0,0,,
flashlight_03s,0,0,1,0,0,,
flashlight_04s,0,0,1,0,0,,
flashlight_05n,0,0,0,0,0,,
flashlight_06s,0,0,0,0,0,,
flashlight_07s,0,1,0,0,0,1,0
flashlight_08s,0,0,0,0,1,,
flashlight_09n,0,0,0,0,0,,
flashlight_10s,0,0,0,0,0,,
flashlight_11n,0,0,0,0,0,,
flashlight_12s,0,0,0,0,0,,
floss_01b,0,1,0,0,0,1,0
floss_02s,1,1,0,0,0,1,0
floss_03s,0,1,0,0,0,1,0
floss_04s,0,0,0,0,0,,
floss_05s,0,0,1,0,0,,
floss_06s,0,0,1,0,0,,
floss_07s,0,1,0,0,0,1,0
floss_08s,0,0,0,0,0,,
floss_09s,0,1,0,0,0,1,0
floss_10s,0,0,0,0,0,,
floss_11s,0,1,0,0,0,1,0
floss_12s,0,0,0,0,0,,
flower_01b,0,0,0,0,0,,
flower_02s,0,0,0,0,0,,
flower_03s,0,0,0,0,0,,
flower_04s,0,0,0,0,0,,
flower_05s,0,0,0,0,0,,
flower_06s,0,0,0,0,1,,
flower_07s,0,0,0,0,1,,
flower_08s,0,0,0,0,0,,
flower_09s,0,0,0,0,0,,
flower_10s,0,0,0,0,0,,
flower_11s,0,0,0,0,0,,
flower_12s,0,0,0,0,1,,
flyswatter_01b,0,0,0,0,1,,
flyswatter_02s,0,0,0,0,1,,
flyswatter_03s,0,0,0,0,0,,
flyswatter_04s,0,1,0,0,0,1,0
flyswatter_05s,0,0,0,0,1,,
flyswatter_06s,0,1,0,0,0,1,0
flyswatter_07n,0,0,0,0,1,,
flyswatter_08n,0,0,0,0,1,,
flyswatter_09s,0,0,0,0,1,,
flyswatter_10n,0,0,0,0,1,,
flyswatter_11s,0,0,0,0,0,,
flyswatter_12s,0,0,0,1,1,,
fondue_01s,0,0,0,0,0,,
fondue_02s,0,0,0,0,0,,
fondue_03s,0,0,0,0,0,,
fondue_04n,0,0,0,0,0,,
fondue_05s,0,0,0,0,0,,
fondue_06s,0,0,0,0,0,,
fondue_07s,0,0,0,0,0,,
fondue_08n,0,0,0,0,0,,
fondue_09s,0,0,0,0,0,,
fondue_10s,0,1,0,0,0,1,0
fondue_11n,0,0,0,0,0,,
fondue_12s,0,0,0,0,0,,
football_helmet_01b,0,0,0,0,1,,
football_helmet_02s,0,0,1,0,0,,
football_helmet_03s,0,0,1,0,0,,
football_helmet_04s,0,0,1,0,0,,
football_helmet_05s,0,0,1,0,0,,
football_helmet_06s,0,0,1,1,0,,
football_helmet_07s,0,0,1,0,0,,
football_helmet_08s,0,0,1,0,0,,
football_helmet_09s,0,0,1,1,0,,
football_helmet_10s,0,0,1,0,0,,
football_helmet_11s,0,0,0,1,0,,
football_helmet_12s,0,0,1,0,0,,
footbath_01s,0,1,0,0,0,1,0
footbath_02s,0,1,0,0,0,1,0
footbath_03s,0,1,0,0,0,1,0
footbath_04s,0,1,0,0,0,1,0
footbath_05s,0,1,0,0,0,1,0
footbath_06s,0,1,0,0,1,1,0
footbath_07s,0,1,0,0,1,1,0
footbath_08s,0,1,0,0,1,1,0
footbath_09s,0,1,1,1,0,1,0
footbath_10s,0,0,0,0,0,,
footbath_11s,0,1,0,0,0,1,0
footbath_12s,0,1,0,0,0,1,0
footprint_01b,0,0,0,0,0,,
footprint_02s,0,0,0,0,0,,
footprint_03s,0,0,0,0,0,,
footprint_04s,0,0,0,0,0,,
footprint_05s,0,0,0,0,0,,
footprint_06s,0,0,0,0,0,,
footprint_07s,0,0,0,0,0,,
footprint_08s,0,0,0,0,0,,
footprint_09s,0,0,0,0,0,,
footprint_10s,0,0,0,0,0,,
footprint_11s,0,0,0,0,0,,
footprint_12s,0,0,0,0,0,,
footrest_01b,0,1,0,0,0,1,0
footrest_02s,0,1,0,0,1,1,0
footrest_03s,0,1,0,0,1,1,0
footrest_04s,0,0,0,0,1,,
footrest_05s,0,1,0,0,1,1,0
footrest_06s,0,1,0,0,1,1,0
footrest_07s,0,1,0,0,1,1,0
footrest_08s,0,1,0,0,1,1,0
footrest_09s,0,1,0,0,1,1,0
footrest_10s,0,1,0,0,1,1,0
footrest_11s,0,1,0,0,1,1,0
footrest_12s,0,1,0,0,1,1,0
forklift_01b,0,0,1,0,0,,
forklift_02s,0,0,1,0,1,,
forklift_03s,0,0,1,0,0,,
forklift_04n,0,1,1,0,0,1,0
forklift_05s,0,0,1,0,0,,
forklift_06n,0,0,1,0,0,,
forklift_07s,0,1,1,0,0,1,0
forklift_08n,0,0,1,0,0,,
forklift_09s,0,0,1,0,0,,
forklift_10s,1,1,1,0,0,1,0
forklift_11n,0,1,1,0,0,1,0
forklift_12s,0,0,1,0,0,,
frog_01b,0,0,0,0,0,,
frog_02s,0,0,0,0,0,,
frog_03s,0,0,0,0,0,,
frog_04s,0,0,0,0,0,,
frog_05s,0,0,0,0,0,,
frog_06s,0,0,0,0,0,,
frog_07s,0,0,0,0,0,,
frog_08s,0,0,0,0,0,,
frog_09s,0,0,0,0,0,,
frog_10s,0,0,0,0,0,,
frog_11s,0,0,0,0,0,,
frog_12s,0,0,0,0,0,,
fudge_01b,0,0,0,0,1,,
fudge_02s,0,0,0,0,1,,
fudge_03s,0,0,0,0,1,,
fudge_04s,0,0,0,0,0,,
fudge_05s,0,0,0,0,1,,
fudge_06s,0,0,0,0,1,,
fudge_07s,0,0,0,0,0,,
fudge_08s,0,0,0,0,1,,
fudge_09s,0,0,0,0,1,,
fudge_10s,0,0,0,0,1,,
fudge_11s,0,0,0,0,1,,
fudge_12s,0,0,0,0,1,,
game_01s,0,1,0,0,0,1,0
game_02s,1,1,0,0,0,1,0
game_03s,0,0,1,1,0,,
game_04s,0,1,0,1,0,1,0
game_05s,0,1,0,0,0,1,0
game_06s,0,1,0,0,1,1,0
game_07s,0,1,0,0,0,1,0
game_08s,0,1,0,0,0,1,0
game_09s,0,0,1,0,0,,
game_10s,0,0,1,0,0,,
game_11s,0,0,1,0,0,,
game_12s,0,0,1,0,0,,
garbage_01b,0,0,0,0,0,,
garbage_02s,0,0,0,0,1,,
garbage_03s,0,0,0,0,0,,
garbage_04s,0,0,0,0,1,,
garbage_05s,0,0,1,0,1,,
garbage_06s,0,0,0,0,0,,
garbage_07s,0,0,0,0,1,,
garbage_08s,0,0,0,0,1,,
garbage_09s,0,0,0,0,1,,
garbage_10s,0,0,0,0,1,,
garbage_11s,0,0,1,0,1,,
garbage_12s,0,0,0,1,1,,
gargoyle_01b,0,0,0,0,0,,
gargoyle_02s,0,0,0,0,0,,
gargoyle_03s,0,0,0,0,0,,
gargoyle_04s,0,0,0,0,0,,
gargoyle_05s,0,0,0,0,0,,
gargoyle_06s,0,0,0,0,0,,
gargoyle_07s,0,0,0,0,0,,
gargoyle_08s,0,0,0,0,0,,
gargoyle_09s,0,0,0,0,0,,
gargoyle_10s,0,0,0,0,0,,
gargoyle_11s,0,0,0,0,0,,
gargoyle_12s,0,0,0,0,0,,
garlic_01b,0,0,0,0,0,,
garlic_02s,0,0,0,0,1,,
garlic_03s,0,0,0,0,1,,
garlic_04s,0,0,0,0,1,,
garlic_05s,0,0,0,0,1,,
garlic_06s,0,0,0,0,1,,
garlic_07s,0,0,0,0,1,,
garlic_08n,0,0,0,0,1,,
garlic_09s,0,0,1,0,0,,
garlic_10n,0,0,0,0,1,,
garlic_11s,0,0,0,0,1,,
garlic_12n,0,0,0,0,0,,
garter_01b,0,1,0,0,0,1,0
garter_02s,0,1,0,0,0,1,0
garter_03s,0,1,0,0,0,1,0
garter_04s,0,1,0,0,0,1,0
garter_05s,0,1,0,0,0,1,0
garter_06s,0,1,0,0,0,1,0
garter_07s,0,1,0,0,0,1,0
garter_08s,0,1,0,0,0,1,0
garter_09s,0,1,0,0,0,1,0
garter_10s,0,1,0,0,0,1,0
garter_11s,0,1,0,0,0,1,0
garter_12s,0,1,0,0,0,1,0
gauze_01b,0,0,0,0,0,,
gauze_02s,0,0,0,0,0,,
gauze_03s,0,0,0,0,0,,
gauze_04s,0,0,0,0,0,,
gauze_05s,0,0,0,0,0,,
gauze_06s,0,0,0,0,0,,
gauze_07s,0,0,0,0,0,,
gauze_08s,0,0,0,0,0,,
gauze_09s,0,0,1,0,1,,
gauze_10s,0,0,0,0,0,,
gauze_11s,0,0,0,0,1,,
gauze_12s,0,1,0,0,0,1,0
gearshift_01b,0,0,1,0,0,,
gearshift_02s,0,0,1,0,0,,
gearshift_03n,0,0,0,0,0,,
gearshift_04n,0,0,1,0,0,,
gearshift_05s,0,0,1,0,0,,
gearshift_06s,0,0,1,0,0,,
gearshift_07n,0,0,1,0,0,,
gearshift_08n,0,0,1,0,0,,
gearshift_09n,0,0,1,0,0,,
gearshift_10s,0,0,1,0,0,,
gearshift_11n,0,0,1,0,0,,
gearshift_12n,0,0,0,0,0,,
gel_01b,0,0,0,0,0,,
gel_02s,0,1,0,0,0,1,0
gel_03s,0,1,0,0,0,1,0
gel_04s,0,0,1,0,0,,
gel_05s,0,0,0,0,0,,
gel_06s,0,0,0,0,0,,
gel_07s,0,0,0,0,0,,
gel_08s,0,0,1,0,0,,
gel_09s,0,1,0,0,0,1,0
gel_10s,0,0,0,0,0,,
gel_11s,0,0,0,0,0,,
gel_12s,0,0,0,0,0,,
giraffe_01b,1,1,0,0,0,0,0
giraffe_02s,1,1,0,0,1,0,0
giraffe_03s,1,1,0,0,0,0,0
giraffe_04s,1,1,0,0,0,0,0
giraffe_05s,1,1,0,0,0,0,0
giraffe_06s,1,1,0,0,0,0,0
giraffe_07s,1,1,0,0,0,0,0
giraffe_08s,1,1,0,0,0,0,0
giraffe_09s,1,1,0,0,0,0,0
giraffe_10s,1,1,0,0,0,0,0
giraffe_11s,1,1,0,0,0,0,0
giraffe_12s,1,1,0,0,1,0,0
girl_01b,1,1,0,0,0,1,0
girl_02s,1,1,0,0,0,1,0
girl_03s,1,1,0,0,0,1,0
girl_04s,1,1,0,0,0,1,0
girl_05s,1,1,0,0,0,1,0
girl_06s,1,1,0,0,0,1,0
girl_07s,1,1,0,0,0,1,0
girl_08s,1,1,0,0,0,1,0
girl_09s,1,1,0,0,0,1,0
girl_10s,1,1,0,0,1,1,0
girl_11n,1,1,0,0,0,1,0
girl_12s,1,1,0,0,0,1,0
glass_01b,0,0,0,0,0,,
glass_02s,0,0,0,0,1,,
glass_03s,0,0,0,0,0,,
glass_04s,0,0,0,0,0,,
glass_05s,0,0,0,0,0,,
glass_06s,0,0,0,0,0,,
glass_07s,0,0,0,0,0,,
glass_08s,0,0,0,0,1,,
glass_09s,0,0,0,0,0,,
glass_10s,0,0,0,0,1,,
glass_11s,0,0,0,0,0,,
glass_12s,0,0,0,0,0,,
go-kart_01b,1,1,0,0,1,1,0
go-kart_02s,1,1,0,0,0,1,0
go-kart_03s,0,1,1,0,1,1,0
go-kart_04s,0,0,1,0,0,,
go-kart_05s,1,1,0,0,0,1,0
go-kart_06s,0,1,1,0,0,1,0
go-kart_07s,0,0,1,0,0,,
go-kart_08s,0,1,1,0,0,1,0
go-kart_09s,0,0,1,0,0,,
go-kart_10s,0,0,1,0,0,,
go-kart_11s,0,1,1,0,0,1,0
go-kart_12s,0,1,1,0,0,1,0
goalpost_01b,0,0,1,0,0,,
goalpost_02s,0,0,1,0,0,,
goalpost_03s,0,0,0,0,0,,
goalpost_04s,0,0,0,0,0,,
goalpost_05s,0,0,0,0,0,,
goalpost_06s,0,0,0,0,0,,
goalpost_07s,0,0,0,0,0,,
goalpost_08s,0,0,1,0,0,,
goalpost_09s,0,0,0,0,0,,
goalpost_10s,0,0,0,0,0,,
goalpost_11s,0,0,0,0,0,,
goalpost_12s,0,0,0,0,0,,
goat_01b,1,1,0,0,0,0,0
goat_02n,1,1,0,0,0,0,0
goat_03s,1,1,0,0,0,0,0
goat_04s,1,1,0,0,0,0,0
goat_05n,1,1,0,0,0,0,0
goat_06n,1,1,0,0,0,0,0
goat_07n,1,1,0,0,0,0,0
goat_08s,1,1,0,0,1,0,0
goat_09s,1,1,0,0,0,0,0
goat_10n,1,1,0,0,0,0,0
goat_11s,1,1,0,0,0,0,0
goat_12n,1,1,0,0,0,0,0
golf_cart_01b,0,0,0,0,0,,
golf_cart_02s,0,0,1,0,0,,
golf_cart_03s,0,0,0,0,0,,
golf_cart_04s,0,0,0,0,0,,
golf_cart_05s,0,0,1,0,0,,
golf_cart_06s,0,0,1,0,0,,
golf_cart_07s,0,0,1,0,0,,
golf_cart_08s,0,0,0,0,0,,
golf_cart_09s,0,0,1,0,0,,
golf_cart_10s,0,0,1,0,0,,
golf_cart_11s,0,0,1,0,0,,
golf_cart_12s,0,0,0,0,0,,
gondola_01b,0,1,0,0,0,1,0
gondola_02s,0,1,0,0,0,1,0
gondola_03s,1,1,0,0,0,1,0
gondola_04s,1,1,0,0,0,1,0
gondola_05s,1,1,0,0,0,1,0
gondola_06s,1,1,0,0,0,1,0
gondola_07s,0,1,0,0,0,1,0
gondola_08s,1,1,0,0,0,1,0
gondola_09s,1,1,0,0,0,1,0
gondola_10s,1,1,0,0,1,1,0
gondola_11s,0,0,0,0,1,,
gondola_12s,1,1,0,0,0,1,0
graffiti_01b,0,0,1,0,0,,
graffiti_02s,0,0,1,0,0,,
graffiti_03s,0,0,1,0,0,,
graffiti_04s,0,0,1,0,0,,
graffiti_05s,0,0,1,0,0,,
graffiti_06s,0,0,1,0,0,,
graffiti_07s,0,0,1,0,0,,
graffiti_08s,0,0,1,0,0,,
graffiti_09s,0,0,1,0,0,,
graffiti_10s,0,0,1,0,0,,
graffiti_11s,0,0,1,0,0,,
graffiti_12s,0,0,1,0,0,,
gramophone_01b,0,0,1,0,0,,
gramophone_02s,0,0,1,1,0,,
gramophone_03s,0,0,1,0,0,,
gramophone_04s,0,0,0,0,0,,
gramophone_05s,0,0,0,0,0,,
gramophone_06s,0,0,1,0,0,,
gramophone_07n,0,0,0,0,0,,
gramophone_08s,0,0,1,1,0,,
gramophone_09s,0,0,0,0,0,,
gramophone_10n,0,0,0,0,0,,
gramophone_11s,0,0,0,1,0,,
gramophone_12s,0,0,0,0,1,,
granite_01b,0,0,0,0,0,,
granite_02s,0,0,0,0,0,,
granite_03s,0,0,0,0,0,,
granite_04s,0,0,0,0,0,,
granite_05s,0,0,0,0,0,,
granite_06s,0,0,0,0,0,,
granite_07s,0,0,0,0,0,,
granite_08s,0,0,0,0,0,,
granite_09s,0,0,0,0,0,,
granite_10s,0,0,0,0,0,,
granite_11s,0,0,0,0,0,,
granite_12s,0,0,0,0,0,,
granola_01b,0,0,0,0,0,,
granola_02s,0,0,0,0,0,,
granola_03s,0,0,0,0,0,,
granola_04s,0,0,0,0,0,,
granola_05s,0,0,0,0,0,,
granola_06s,0,0,0,0,0,,
granola_07s,0,0,0,0,0,,
granola_08s,0,0,0,0,0,,
granola_09s,0,0,0,0,0,,
granola_10s,0,0,0,0,0,,
granola_11s,0,0,0,0,0,,
granola_12s,0,0,0,0,0,,
grape_01b,0,0,0,0,0,,
grape_02s,0,0,0,0,1,,
grape_03s,0,0,0,0,0,,
grape_04s,0,0,0,0,1,,
grape_05s,0,0,0,0,1,,
grape_06s,0,0,0,0,1,,
grape_07s,0,0,0,0,1,,
grape_08s,0,0,0,0,1,,
grape_09s,0,0,0,0,1,,
grape_10s,0,0,0,0,1,,
grape_11s,0,0,0,0,1,,
grape_12s,0,0,0,0,1,,
grapefruit_01b,0,0,0,0,0,,
grapefruit_02s,0,0,0,0,1,,
grapefruit_03s,0,0,0,0,1,,
grapefruit_04s,0,0,0,0,0,,
grapefruit_05s,0,0,0,0,1,,
grapefruit_06s,0,0,0,0,1,,
grapefruit_07s,0,0,0,0,1,,
grapefruit_08s,0,0,0,0,1,,
grapefruit_09s,0,0,0,0,1,,
grapefruit_10s,0,0,0,0,0,,
grapefruit_11s,0,0,0,0,1,,
grapefruit_12s,0,0,0,0,0,,
grasshopper_01b,0,0,0,0,0,,
grasshopper_02s,0,0,0,0,0,,
grasshopper_03s,0,0,0,0,0,,
grasshopper_04s,0,0,0,0,0,,
grasshopper_05s,0,0,0,0,0,,
grasshopper_06s,0,0,0,0,0,,
grasshopper_07s,0,0,0,0,0,,
grasshopper_08s,0,0,0,0,0,,
grasshopper_09s,0,0,0,0,0,,
grasshopper_10s,0,0,0,0,0,,
grasshopper_11s,0,0,0,0,0,,
grasshopper_12s,0,0,0,0,0,,
grate_01b,0,0,0,0,0,,
grate_02s,0,0,0,0,0,,
grate_03s,0,0,0,0,0,,
grate_04s,0,0,0,0,0,,
grate_05s,0,0,0,0,0,,
grate_06s,0,0,0,0,0,,
grate_07s,0,0,0,0,0,,
grate_08s,0,0,0,0,0,,
grate_09s,0,0,0,0,0,,
grate_10s,0,0,0,0,0,,
grate_11s,0,0,0,0,0,,
grate_12s,0,0,0,0,0,,
gravel_01b,0,0,0,0,0,,
gravel_02n,0,0,0,0,0,,
gravel_03s,0,0,0,0,0,,
gravel_04n,0,0,0,0,0,,
gravel_05n,0,0,0,0,0,,
gravel_06s,0,0,0,0,0,,
gravel_07n,0,0,0,0,0,,
gravel_08s,0,0,0,0,0,,
gravel_09s,0,0,0,0,0,,
gravel_10s,0,0,0,0,0,,
gravel_11s,0,0,0,0,0,,
gravel_12n,0,0,0,0,0,,
gravestone_01b,0,0,0,0,0,,
gravestone_02s,0,0,1,0,0,,
gravestone_03s,0,0,1,0,0,,
gravestone_04s,0,0,1,0,0,,
gravestone_05s,0,0,1,0,0,,
gravestone_06s,0,0,1,0,0,,
gravestone_07s,0,0,1,0,0,,
gravestone_08s,0,0,0,0,0,,
gravestone_09s,0,0,1,0,0,,
gravestone_10s,0,0,0,0,0,,
gravestone_11s,0,0,1,0,0,,
gravestone_12s,0,0,1,0,0,,
grenade_01b,0,1,0,0,0,1,0
grenade_02s,0,1,1,0,0,1,0
grenade_03s,0,0,0,0,0,,
grenade_04s,0,1,1,0,0,1,0
grenade_05s,0,0,0,0,0,,
grenade_06s,0,0,0,0,0,,
grenade_07s,0,1,0,0,0,1,0
grenade_08s,0,0,0,0,1,,
grenade_09s,0,0,0,0,1,,
grenade_10s,0,1,0,0,0,1,0
grenade_11s,0,0,0,0,0,,
grenade_12s,0,1,0,0,0,1,0
grits_01s,0,0,0,0,0,,
grits_02s,0,0,0,0,0,,
grits_03s,0,0,0,0,0,,
grits_04s,0,0,0,0,0,,
grits_05s,0,0,0,0,0,,
grits_06s,0,0,0,0,0,,
grits_07s,0,0,0,0,0,,
grits_08s,0,0,0,0,0,,
grits_09s,0,0,0,0,0,,
grits_10s,0,0,0,0,0,,
grits_11s,0,0,0,0,0,,
grits_12s,0,0,0,0,0,,
groundhog_01b,1,1,0,0,0,0,0
groundhog_02s,1,1,0,0,0,0,0
groundhog_03n,1,1,0,0,0,0,0
groundhog_04s,1,1,0,0,0,0,0
groundhog_05n,1,1,0,0,0,0,0
groundhog_06s,1,1,0,0,0,0,0
groundhog_07s,1,1,0,0,0,0,0
groundhog_08s,1,1,0,0,0,0,0
groundhog_09s,1,1,0,0,1,0,0
groundhog_10n,1,1,0,0,0,0,0
groundhog_11s,1,1,0,0,0,0,0
groundhog_12n,1,1,0,0,0,0,0
guacamole_01b,0,0,0,0,1,,
guacamole_02s,0,0,0,0,0,,
guacamole_03s,0,0,0,0,0,,
guacamole_04s,0,0,0,0,0,,
guacamole_05s,0,0,0,0,0,,
guacamole_06s,0,0,0,0,0,,
guacamole_07s,0,0,0,0,0,,
guacamole_08s,0,0,0,0,0,,
guacamole_09s,0,0,0,0,0,,
guacamole_10s,0,0,0,0,0,,
guacamole_11s,0,0,0,0,0,,
guacamole_12s,0,1,0,0,0,1,0
guardrail_01b,0,0,0,0,0,,
guardrail_02s,0,0,0,0,0,,
guardrail_03s,0,0,0,0,0,,
guardrail_04s,0,0,0,0,0,,
guardrail_05s,0,0,0,0,0,,
guardrail_06s,0,0,0,0,0,,
guardrail_07s,0,0,0,0,0,,
guardrail_08s,0,0,0,0,0,,
guardrail_09s,0,0,0,0,0,,
guardrail_10s,0,0,0,0,0,,
guardrail_11s,0,0,0,0,0,,
guardrail_12s,0,0,0,0,0,,
guillotine_01b,0,0,0,0,0,,
guillotine_02s,0,0,0,0,0,,
guillotine_03s,0,0,0,0,0,,
guillotine_04s,0,0,0,0,0,,
guillotine_05s,0,0,0,0,0,,
guillotine_06s,0,0,0,0,0,,
guillotine_07s,1,0,0,0,0,1,0
guillotine_08s,0,0,1,0,0,,
guillotine_09s,0,0,0,0,0,,
guillotine_10n,0,0,0,0,0,,
guillotine_11s,0,0,0,0,0,,
guillotine_12s,0,0,0,0,0,,
guitar_01b,0,0,0,0,0,,
guitar_02s,0,0,0,0,0,,
guitar_03s,0,0,0,0,1,,
guitar_04s,0,0,0,0,0,,
guitar_05s,0,0,0,0,0,,
guitar_06s,0,0,0,0,0,,
guitar_07s,0,0,0,0,0,,
guitar_08s,0,0,0,0,0,,
guitar_09n,0,0,0,0,0,,
guitar_10s,0,0,0,0,0,,
guitar_11s,0,0,0,0,0,,
guitar_12s,0,0,0,0,0,,
gun_01b,0,0,0,0,0,,
gun_02s,0,0,0,0,0,,
gun_03s,0,1,0,0,0,1,0
gun_04s,0,0,0,0,1,,
gun_05s,0,0,1,0,0,,
gun_06s,0,1,0,0,0,1,0
gun_07n,0,0,0,0,0,,
gun_08n,0,1,1,0,0,1,0
gun_09s,0,0,1,0,0,,
gun_10s,0,1,1,0,0,1,0
gun_11s,0,0,1,0,0,,
gun_12s,0,1,0,0,0,1,0
hairbrush_01b,0,0,1,0,0,,
hairbrush_02s,0,0,0,0,0,,
hairbrush_03s,0,0,0,0,0,,
hairbrush_04s,0,0,0,0,0,,
hairbrush_05s,0,0,0,0,0,,
hairbrush_06s,0,1,0,0,1,0,0
hairbrush_07s,0,1,0,0,0,0,0
hairbrush_08s,0,0,0,0,0,,
hairbrush_09s,0,0,0,0,1,,
hairbrush_10s,0,0,0,0,0,,
hairbrush_11s,0,0,1,0,0,,
hairbrush_12s,0,0,0,0,0,,
hairpin_01b,0,0,0,0,1,,
hairpin_02s,0,0,0,0,1,,
hairpin_03s,0,0,0,0,1,,
hairpin_04s,0,0,0,0,1,,
hairpin_05s,0,0,0,0,1,,
hairpin_06s,0,0,0,0,1,,
hairpin_07s,0,0,0,0,1,,
hairpin_08s,0,0,0,0,1,,
hairpin_09s,0,0,0,0,1,,
hairpin_10s,0,0,0,0,1,,
hairpin_11n,0,0,0,0,1,,
hairpin_12n,0,0,0,0,1,,
hamburger_01s,0,0,0,0,0,,
hamburger_02s,0,0,0,0,0,,
hamburger_03s,0,0,0,0,0,,
hamburger_04s,0,0,0,0,0,,
hamburger_05s,0,0,0,0,0,,
hamburger_06s,0,0,0,0,0,,
hamburger_07s,0,0,0,0,0,,
hamburger_08s,0,0,0,0,0,,
hamburger_09s,0,0,0,0,0,,
hamburger_10s,0,0,0,0,0,,
hamburger_11s,0,0,0,0,0,,
hamburger_12s,0,0,0,0,0,,
hammer_01b,0,1,1,0,0,0,0
hammer_02s,0,0,1,0,0,,
hammer_03s,0,0,1,0,1,,
hammer_04s,0,0,0,0,1,,
hammer_05n,0,0,0,0,0,,
hammer_06s,0,0,1,0,1,,
hammer_07s,0,0,0,0,0,,
hammer_08s,0,0,0,0,0,,
hammer_09s,0,0,1,0,0,,
hammer_10s,0,0,0,0,0,,
hammer_11n,0,0,0,0,0,,
hammer_12s,0,0,0,0,0,,
hammock_01b,0,0,0,0,0,,
hammock_02s,0,0,0,0,0,,
hammock_03s,0,0,0,0,0,,
hammock_04s,0,0,0,0,0,,
hammock_05s,0,0,0,0,0,,
hammock_06s,0,0,0,0,0,,
hammock_07s,0,0,0,0,0,,
hammock_08s,0,0,0,0,0,,
hammock_09s,0,0,0,0,0,,
hammock_10s,0,0,0,0,0,,
hammock_11s,0,0,0,0,0,,
hammock_12s,0,0,0,0,0,,
hamster_01b,1,1,0,0,0,0,0
hamster_02s,1,1,0,0,0,0,0
hamster_03s,1,0,0,0,0,0,0
hamster_04s,1,1,0,0,0,0,0
hamster_05s,1,1,0,0,0,0,0
hamster_06s,1,0,0,0,0,0,0
hamster_07s,1,1,0,0,0,0,0
hamster_08s,1,1,0,0,0,0,0
hamster_09s,1,1,0,0,0,0,0
hamster_10s,1,1,0,0,0,0,0
hamster_11s,1,1,0,0,0,1,0
hamster_12s,1,1,0,0,0,0,0
hand_01b,0,1,0,0,0,1,0
hand_02s,0,1,0,0,0,1,0
hand_03s,0,1,0,0,0,1,0
hand_04s,0,1,0,0,0,1,0
hand_05s,0,1,0,0,0,1,0
hand_06s,0,1,0,0,0,1,0
hand_07s,0,1,0,0,0,1,0
hand_08s,0,1,0,0,0,1,0
hand_09s,0,1,0,0,0,1,0
hand_10s,0,1,0,0,0,1,0
hand_11s,0,1,0,0,0,1,0
hand_12s,0,1,0,0,0,1,0
handcuff_01b,0,1,0,0,0,1,0
handcuff_02s,0,1,0,0,0,1,0
handcuff_03s,0,0,0,0,0,,
handcuff_04s,0,0,0,0,0,,
handcuff_05s,0,0,0,0,0,,
handcuff_06s,0,1,0,0,0,1,0
handcuff_07s,0,1,0,0,0,1,0
handcuff_08s,0,0,0,0,0,,
handcuff_09s,0,1,0,0,0,1,0
handcuff_10s,0,1,0,0,0,1,0
handcuff_11s,0,0,0,0,0,,
handcuff_12s,0,1,0,0,0,1,0
hanger_01b,0,0,0,0,0,,
hanger_02s,0,0,0,0,1,,
hanger_03s,0,0,0,0,1,,
hanger_04s,0,0,0,0,1,,
hanger_05s,0,0,0,0,1,,
hanger_06s,0,0,0,0,1,,
hanger_07s,0,0,0,0,1,,
hanger_08n,0,0,0,0,0,,
hanger_09s,0,0,0,0,0,,
hanger_10s,0,0,0,0,1,,
hanger_11s,0,0,0,0,1,,
hanger_12s,0,0,0,0,0,,
hatbox_01b,0,0,0,0,0,,
hatbox_02s,0,0,1,1,0,,
hatbox_03s,0,0,0,0,0,,
hatbox_04s,0,0,0,0,0,,
hatbox_05s,0,0,0,1,0,,
hatbox_06s,0,0,0,0,0,,
hatbox_07s,0,0,0,0,0,,
hatbox_08s,0,0,0,0,0,,
hatbox_09s,0,0,1,0,0,,
hatbox_10s,0,0,1,0,0,,
hatbox_11s,0,0,0,0,0,,
hatbox_12s,0,0,0,0,0,,
hay_01b,0,0,0,0,0,,
hay_02s,0,0,0,0,0,,
hay_03s,0,0,0,0,0,,
hay_04s,0,0,0,0,0,,
hay_05s,0,0,0,0,0,,
hay_06s,0,0,0,0,0,,
hay_07s,0,0,0,0,0,,
hay_08s,0,0,0,0,0,,
hay_09s,0,1,0,0,0,1,0
hay_10s,0,0,0,0,0,,
hay_11s,0,0,0,0,0,,
hay_12s,0,0,0,0,0,,
headlamp_01b,0,0,1,0,0,,
headlamp_02s,1,1,1,0,0,1,0
headlamp_03s,0,0,0,0,0,,
headlamp_04s,0,0,0,0,0,,
headlamp_05s,0,0,1,0,0,,
headlamp_06s,1,0,1,0,0,1,0
headlamp_07s,0,1,1,0,0,1,0
headlamp_08s,0,0,1,1,0,,
headlamp_09s,0,0,1,0,0,,
headlamp_10s,0,0,1,0,0,,
headlamp_11s,0,0,1,0,0,,
headlamp_12s,0,0,1,0,0,,
headphones_01b,0,0,0,0,0,,
headphones_02s,0,0,1,0,0,,
headphones_03s,0,0,1,0,0,,
headphones_04s,0,0,1,0,0,,
headphones_05s,0,0,1,0,0,,
headphones_06s,0,0,0,0,0,,
headphones_07s,0,0,1,0,0,,
headphones_08s,0,0,0,0,0,,
headphones_09s,0,0,1,0,0,,
headphones_10s,0,0,0,1,0,,
headphones_11s,0,0,0,0,0,,
headphones_12s,0,0,0,0,0,,
hedge_01b,0,0,0,0,0,,
hedge_02s,0,0,0,0,0,,
hedge_03s,0,0,0,0,0,,
hedge_04s,0,0,0,0,0,,
hedge_05s,0,0,0,0,0,,
hedge_06s,0,0,0,0,0,,
hedge_07s,0,0,0,0,0,,
hedge_08s,0,0,0,0,0,,
hedge_09s,0,0,0,0,0,,
hedge_10s,0,0,0,0,0,,
hedge_11s,0,0,0,0,0,,
hedge_12s,0,0,0,0,0,,
hedgehog_01b,1,1,0,0,0,0,0
hedgehog_02s,1,1,0,0,0,0,0
hedgehog_03s,1,1,0,0,0,0,0
hedgehog_04s,1,0,0,0,0,0,0
hedgehog_05n,0,1,0,0,0,0,0
hedgehog_06s,1,1,0,0,0,0,0
hedgehog_07s,1,1,0,0,0,0,0
hedgehog_08s,1,1,0,0,0,0,0
hedgehog_09s,1,1,0,0,0,0,0
hedgehog_10s,1,1,0,0,0,0,0
hedgehog_11n,1,1,0,0,0,0,0
hedgehog_12s,1,1,0,0,0,0,0
helicopter_01b,0,0,0,0,0,,
helicopter_02s,0,0,1,0,0,,
helicopter_03s,0,0,1,1,0,,
helicopter_04s,0,0,0,0,0,,
helicopter_05s,0,0,0,0,0,,
helicopter_06s,0,0,0,0,0,,
helicopter_07n,0,0,1,0,0,,
helicopter_08s,0,0,1,0,0,,
helicopter_09s,0,0,1,0,0,,
helicopter_10s,0,0,1,0,0,,
helicopter_11s,0,0,0,0,0,,
helicopter_12s,0,0,1,0,0,,
helmet_01b,0,0,0,0,0,,
helmet_02s,0,0,0,1,0,,
helmet_03s,1,0,1,0,0,1,0
helmet_04s,0,0,0,1,0,,
helmet_05s,0,0,0,0,0,,
helmet_06s,0,0,1,0,0,,
helmet_07s,0,0,1,0,0,,
helmet_08s,0,0,1,0,0,,
helmet_09s,0,0,0,0,0,,
helmet_10s,0,0,1,0,0,,
helmet_11s,0,0,1,0,0,,
helmet_12s,0,0,1,0,0,,
highlighter_01b,0,0,0,0,1,,
highlighter_02s,0,0,1,0,0,,
highlighter_03s,0,0,0,0,0,,
highlighter_04s,0,0,1,0,1,,
highlighter_05s,0,0,1,0,0,,
highlighter_06s,0,0,1,0,0,,
highlighter_07s,0,0,1,0,1,,
highlighter_08s,0,0,0,0,1,,
highlighter_09s,0,1,1,0,1,1,0
highlighter_10s,0,1,0,0,0,1,0
highlighter_11s,0,0,0,0,0,,
highlighter_12s,0,0,0,0,0,,
hip_01b,0,1,0,0,0,1,0
hip_02s,0,1,0,0,0,1,0
hip_03s,0,1,0,0,0,1,0
hip_04s,0,1,0,0,0,1,0
hip_05s,0,1,0,0,0,1,0
hip_06s,0,1,0,0,0,1,0
hip_07s,0,1,0,0,0,1,0
hip_08s,0,1,0,0,0,1,0
hip_09s,0,1,0,0,0,1,0
hip_10s,0,1,0,0,0,1,0
hip_11s,0,1,0,0,0,1,0
hip_12s,0,1,0,0,0,1,0
hippopotamus_01b,1,1,0,0,0,0,0
hippopotamus_02s,1,1,0,0,0,0,0
hippopotamus_03s,1,1,0,0,0,0,0
hippopotamus_04s,1,1,0,0,0,0,0
hippopotamus_05s,0,1,0,0,0,0,0
hippopotamus_06s,1,1,0,0,0,0,0
hippopotamus_07s,1,1,0,0,0,0,0
hippopotamus_08s,1,1,0,0,0,0,0
hippopotamus_09s,1,1,0,0,0,0,0
hippopotamus_10s,1,1,0,0,0,0,0
hippopotamus_11s,1,1,0,0,0,0,0
hippopotamus_12s,1,1,0,0,0,0,0
honeycomb_01b,0,0,0,0,0,,
honeycomb_02s,0,0,0,0,0,,
honeycomb_03s,0,0,0,0,0,,
honeycomb_04s,0,0,0,0,0,,
honeycomb_05s,0,0,0,0,0,,
honeycomb_06s,0,0,0,0,0,,
honeycomb_07n,0,0,0,0,0,,
honeycomb_08s,0,0,0,0,0,,
honeycomb_09s,0,0,0,0,0,,
honeycomb_10n,0,0,0,0,0,,
honeycomb_11n,0,0,0,0,0,,
honeycomb_12s,0,0,0,0,0,,
hood_01b,0,0,0,0,0,,
hood_02s,0,0,0,0,0,,
hood_03s,1,0,0,0,0,1,0
hood_04s,0,0,0,0,0,,
hood_05s,0,0,0,0,0,,
hood_06s,0,0,0,0,0,,
hood_07s,1,0,0,0,0,1,0
hood_08s,1,0,0,1,0,1,0
hood_09s,0,0,1,0,0,,
hood_10s,0,0,0,0,0,,
hood_11s,0,0,0,0,0,,
hood_12s,0,0,1,0,0,,
horse_01b,1,1,0,0,0,0,0
horse_02s,1,1,0,0,0,0,0
horse_03s,1,1,0,0,0,0,0
horse_04s,1,1,0,0,0,0,0
horse_05s,1,1,0,0,0,0,0
horse_06s,1,1,0,0,0,0,0
horse_07s,1,1,0,0,0,0,0
horse_08s,1,1,0,0,0,0,0
horse_09s,1,1,0,0,0,0,0
horse_10s,1,1,0,0,0,0,0
horse_11s,1,1,0,0,0,0,0
horse_12s,1,1,0,0,0,0,0
horseshoe_01b,0,0,1,0,0,,
horseshoe_02s,0,0,0,0,0,,
horseshoe_03s,0,0,0,0,0,,
horseshoe_04n,0,0,1,0,0,,
horseshoe_05s,0,0,1,0,0,,
horseshoe_06s,0,0,0,0,0,,
horseshoe_07s,0,0,0,0,0,,
horseshoe_08n,0,0,0,0,0,,
horseshoe_09s,0,0,0,0,0,,
horseshoe_10s,0,0,0,0,0,,
horseshoe_11n,0,0,0,0,0,,
horseshoe_12s,0,0,0,0,0,,
hotdog_01b,0,0,0,0,1,,
hotdog_02s,0,0,0,0,0,,
hotdog_03s,0,0,0,0,0,,
hotdog_04s,0,0,0,0,0,,
hotdog_05s,0,0,0,0,1,,
hotdog_06s,0,0,0,0,1,,
hotdog_07s,0,0,0,0,1,,
hotdog_08n,0,0,0,0,0,,
hotdog_09s,0,1,0,0,0,1,0
hotdog_10s,0,0,0,0,1,,
hotdog_11n,0,0,0,0,1,,
hotdog_12s,0,0,0,0,1,,
hotplate_01b,0,0,1,0,0,,
hotplate_02s,0,0,1,0,0,,
hotplate_03s,0,0,1,0,0,,
hotplate_04s,0,0,1,0,0,,
hotplate_05s,0,0,1,1,0,,
hotplate_06s,0,0,1,0,0,,
hotplate_07n,0,0,1,0,0,,
hotplate_08s,0,0,1,0,0,,
hotplate_09s,0,0,1,1,0,,
hotplate_10s,0,0,0,1,0,,
hotplate_11s,0,0,1,0,0,,
hotplate_12s,0,0,1,0,0,,
hourglass_01b,0,0,0,0,0,,
hourglass_02s,0,0,0,0,0,,
hourglass_03s,0,0,0,0,0,,
hourglass_04s,0,0,0,0,0,,
hourglass_05s,0,0,0,0,0,,
hourglass_06n,0,0,0,0,0,,
hourglass_07n,0,0,0,0,0,,
hourglass_08s,0,0,0,0,1,,
hourglass_09s,0,0,0,0,1,,
hourglass_10s,0,0,0,0,0,,
hourglass_11s,0,0,0,0,1,,
hourglass_12s,0,0,0,0,1,,
hovercraft_01b,0,0,0,0,0,,
hovercraft_02s,0,0,1,0,0,,
hovercraft_03s,0,0,1,0,0,,
hovercraft_04s,0,0,1,0,0,,
hovercraft_05s,0,0,1,0,0,,
hovercraft_06s,0,0,0,0,0,,
hovercraft_07s,0,0,0,0,0,,
hovercraft_08s,0,0,1,0,0,,
hovercraft_09s,0,0,1,0,0,,
hovercraft_10s,0,0,1,0,0,,
hovercraft_11s,0,0,1,0,0,,
hovercraft_12s,0,0,1,0,0,,
hula_hoop_01b,1,1,0,0,0,1,0
hula_hoop_02s,0,0,0,0,1,,
hula_hoop_03s,1,1,0,0,0,1,0
hula_hoop_04s,1,1,0,0,1,1,0
hula_hoop_05s,0,0,0,0,0,,
hula_hoop_06s,1,1,0,0,0,1,0
hula_hoop_07s,0,1,0,0,1,1,0
hula_hoop_08s,1,1,0,0,0,1,0
hula_hoop_09s,0,1,0,0,0,1,0
hula_hoop_10s,0,0,0,0,0,,
hula_hoop_11s,0,1,0,0,0,1,0
hula_hoop_12s,0,1,0,0,0,1,0
iceskate_01b,0,0,0,0,1,,
iceskate_02s,0,1,0,0,1,1,0
iceskate_03s,0,1,0,0,1,1,0
iceskate_04s,0,0,0,0,1,,
iceskate_05s,0,1,0,0,1,1,0
iceskate_06s,0,1,0,0,1,1,0
iceskate_07s,0,1,0,0,1,1,0
iceskate_08s,0,1,0,0,1,1,0
iceskate_09s,0,0,0,0,1,,
iceskate_10s,0,0,0,0,0,,
iceskate_11s,0,1,0,0,1,1,0
iceskate_12s,0,1,0,0,1,1,0
icicle_01b,0,0,0,0,1,,
icicle_02s,0,0,0,0,1,,
icicle_03s,0,0,0,0,1,,
icicle_04s,0,0,0,0,1,,
icicle_05s,0,0,0,0,1,,
icicle_06s,0,0,0,0,1,,
icicle_07s,0,0,0,0,1,,
icicle_08s,0,0,0,0,1,,
icicle_09s,0,0,0,0,0,,
icicle_10s,0,0,0,0,1,,
icicle_11s,0,0,0,0,1,,
icicle_12s,0,0,0,0,1,,
iguana_01b,0,0,0,0,0,,
iguana_02s,0,0,0,0,0,,
iguana_03s,0,0,0,0,0,,
iguana_04s,0,0,0,0,0,,
iguana_05n,0,0,0,0,0,,
iguana_06s,0,0,0,0,0,,
iguana_07s,0,0,0,0,0,,
iguana_08s,0,0,0,0,0,,
iguana_09s,0,0,0,0,0,,
iguana_10n,0,0,0,0,0,,
iguana_11s,0,0,0,0,0,,
iguana_12s,0,0,0,0,0,,
inhaler_01b,0,0,1,0,0,,
inhaler_02s,0,0,1,0,0,,
inhaler_03s,0,0,1,0,0,,
inhaler_04s,0,1,0,0,0,1,0
inhaler_05s,0,1,0,0,0,1,0
inhaler_06s,0,0,1,0,0,,
inhaler_07s,1,1,0,0,0,1,0
inhaler_08s,0,0,1,0,1,,
inhaler_09s,0,0,0,0,0,,
inhaler_10s,0,0,1,0,1,,
inhaler_11s,1,1,0,0,0,1,0
inhaler_12s,1,1,0,0,0,1,0
iron_01b,0,0,0,1,0,,
iron_02s,0,0,0,1,0,,
iron_03s,0,0,0,0,0,,
iron_04s,0,0,1,0,0,,
iron_05s,0,1,0,0,0,1,0
iron_06s,0,0,0,0,0,,
iron_07s,0,0,1,0,0,,
iron_08s,0,0,0,0,0,,
iron_09s,0,0,1,0,0,,
iron_10s,0,0,1,0,0,,
iron_11s,0,0,1,0,0,,
iron_12s,0,1,1,0,0,1,0
jack_01b,0,0,0,0,0,,
jack_02s,0,0,0,0,0,,
jack_03s,0,0,1,0,0,,
jack_04s,0,0,1,0,0,,
jack_05s,0,0,0,0,0,,
jack_06s,0,1,0,0,0,1,0
jack_07s,0,0,1,0,0,,
jack_08s,0,0,0,0,0,,
jack_09s,0,1,0,0,0,1,0
jack_10s,0,1,0,0,0,1,0
jack_11s,0,0,0,0,0,,
jack_12s,0,0,0,0,0,,
jam_01b,0,0,0,0,0,,
jam_02s,0,0,0,0,0,,
jam_03s,0,0,0,0,0,,
jam_04s,0,0,0,0,0,,
jam_05s,0,0,0,0,0,,
jam_06s,0,0,0,0,0,,
jam_07s,0,0,1,0,0,,
jam_08s,0,0,0,0,0,,
jam_09s,0,0,0,0,0,,
jam_10s,0,0,0,0,0,,
jam_11s,0,0,0,0,0,,
jam_12s,0,0,0,0,0,,
jar_01s,0,0,1,0,0,,
jar_02s,0,0,0,0,0,,
jar_03s,0,0,0,0,0,,
jar_04s,0,0,0,0,1,,
jar_05s,0,0,0,0,0,,
jar_06s,0,0,1,0,0,,
jar_07s,0,0,1,0,0,,
jar_08s,0,0,1,0,0,,
jar_09s,0,0,0,0,0,,
jar_10s,0,0,1,0,0,,
jar_11s,0,0,0,0,0,,
jar_12s,0,0,1,0,1,,
jeans_01s,0,1,0,0,0,1,0
jeans_02s,0,1,0,0,0,1,0
jeans_03s,0,1,0,0,0,1,0
jeans_04s,0,1,0,0,0,1,0
jeans_05s,0,1,0,0,0,1,0
jeans_06s,0,0,1,0,0,,
jeans_07s,0,1,0,0,0,1,0
jeans_08s,0,0,0,0,0,,
jeans_09s,0,1,0,0,0,1,0
jeans_10s,0,0,0,0,1,,
jeans_11s,0,1,0,0,0,1,0
jeans_12s,0,0,0,0,0,,
jellyfish_01b,0,0,0,0,0,,
jellyfish_02s,0,0,0,0,0,,
jellyfish_03s,0,0,0,0,0,,
jellyfish_04s,0,0,0,0,0,,
jellyfish_05s,0,0,0,0,0,,
jellyfish_06s,0,0,0,0,0,,
jellyfish_07s,0,0,0,0,0,,
jellyfish_08n,0,0,0,0,0,,
jellyfish_09s,0,0,0,0,0,,
jellyfish_10s,0,0,0,0,0,,
jellyfish_11s,0,0,0,0,0,,
jellyfish_12s,0,0,0,0,0,,
jersey_01b,0,0,1,1,0,,
jersey_02s,0,0,1,1,0,,
jersey_03s,0,0,0,1,0,,
jersey_04s,0,0,1,0,0,,
jersey_05s,0,0,1,0,0,,
jersey_06s,0,1,1,0,0,1,0
jersey_07s,0,0,1,1,0,,
jersey_08s,0,0,1,1,0,,
jersey_09s,0,0,1,1,0,,
jersey_10s,0,0,1,0,0,,
jersey_11s,0,0,1,1,0,,
jersey_12s,1,0,1,0,0,1,0
joystick_01b,0,0,1,0,0,,
joystick_02s,0,0,0,0,1,,
joystick_03s,0,0,1,0,0,,
joystick_04s,0,0,0,0,0,,
joystick_05s,0,0,0,0,0,,
joystick_06s,0,0,0,0,0,,
joystick_07s,0,0,0,0,0,,
joystick_08s,0,0,1,0,0,,
joystick_09s,0,0,0,1,0,,
joystick_10s,0,0,0,0,0,,
joystick_11s,0,0,0,0,0,,
joystick_12s,0,0,0,0,0,,
jukebox_01n,0,0,0,0,0,,
jukebox_02s,0,0,0,0,0,,
jukebox_03n,0,0,1,0,0,,
jukebox_04s,0,0,1,0,0,,
jukebox_05s,0,0,1,0,0,,
jukebox_06s,0,0,0,0,0,,
jukebox_07s,0,0,1,1,0,,
jukebox_08s,0,0,1,0,0,,
jukebox_09s,0,0,0,0,0,,
jukebox_10s,0,0,1,0,0,,
jukebox_11s,0,0,1,0,0,,
jukebox_12n,0,0,0,0,0,,
kale_01b,0,0,0,0,0,,
kale_02s,0,0,0,0,0,,
kale_03s,0,0,0,0,0,,
kale_04s,0,0,0,0,0,,
kale_05s,0,0,0,0,0,,
kale_06s,0,0,0,0,0,,
kale_07s,0,0,0,0,0,,
kale_08s,0,0,0,0,0,,
kale_09s,0,0,0,0,0,,
kale_10s,0,0,0,0,0,,
kale_11s,0,0,0,0,0,,
kale_12s,0,0,0,0,0,,
kangaroo_01b,1,1,0,0,0,0,0
kangaroo_02s,1,1,0,0,0,0,0
kangaroo_03n,1,1,0,0,0,0,0
kangaroo_04s,1,1,0,0,0,0,0
kangaroo_05s,1,1,0,0,0,0,0
kangaroo_06n,1,1,0,0,0,0,0
kangaroo_07s,1,1,0,0,1,0,0
kangaroo_08s,1,1,0,0,0,0,0
kangaroo_09n,1,1,0,0,0,0,0
kangaroo_10s,1,1,0,0,0,0,0
kangaroo_11s,1,1,0,0,0,0,0
kangaroo_12s,1,1,0,0,0,0,0
kazoo_01s,0,0,1,0,1,,
kazoo_02s,0,0,0,0,1,,
kazoo_03s,0,0,0,0,1,,
kazoo_04s,0,0,0,0,1,,
kazoo_05s,0,0,0,1,0,,
kazoo_06s,1,1,0,0,0,1,0
kazoo_07s,0,0,1,0,1,,
kazoo_08s,0,0,1,0,0,,
kazoo_09s,0,0,0,0,1,,
kazoo_10s,0,0,0,0,1,,
kazoo_11s,0,0,1,0,0,,
kazoo_12s,0,0,1,0,1,,
kebab_01b,0,0,1,0,0,,
kebab_02n,0,0,1,0,0,,
kebab_03n,0,0,1,0,0,,
kebab_04n,0,0,1,0,0,,
kebab_05n,0,0,1,0,0,,
kebab_06n,0,0,1,0,0,,
kebab_07n,0,0,0,0,0,,
kebab_08n,0,0,1,0,0,,
kebab_09n,0,0,0,0,0,,
kebab_10n,0,0,1,0,0,,
kebab_11n,0,0,1,0,0,,
kebab_12n,0,0,1,0,0,,
kettle_01b,0,0,0,0,0,,
kettle_02s,0,0,0,0,0,,
kettle_03n,0,0,0,0,0,,
kettle_04n,1,1,0,0,0,1,0
kettle_05s,0,0,0,0,0,,
kettle_06s,0,0,0,0,0,,
kettle_07s,0,0,0,0,0,,
kettle_08s,0,0,0,0,0,,
kettle_09s,0,0,0,0,0,,
kettle_10s,0,0,0,0,0,,
kettle_11s,0,0,0,0,0,,
kettle_12s,0,0,0,0,0,,
key_01b,0,0,1,0,1,,
key_02s,0,0,1,0,1,,
key_03s,0,0,1,0,1,,
key_04s,0,0,0,0,1,,
key_05s,0,0,1,0,0,,
key_06s,0,0,1,0,1,,
key_07s,0,0,0,0,1,,
key_08s,0,0,0,0,0,,
key_09s,0,0,1,0,1,,
key_10s,0,0,1,0,1,,
key_11s,0,0,0,0,1,,
key_12s,0,0,0,0,0,,
kimono_01b,1,1,0,0,0,1,0
kimono_02s,0,1,0,1,0,1,0
kimono_03s,0,1,0,1,0,1,0
kimono_04s,0,1,0,1,0,1,0
kimono_05s,0,0,0,1,0,,
kimono_06s,0,1,0,1,0,1,0
kimono_07s,0,1,0,0,0,1,0
kimono_08s,0,0,0,0,0,,
kimono_09s,0,1,0,1,0,1,0
kimono_10s,0,1,0,0,0,1,0
kimono_11s,0,1,0,0,0,1,0
kimono_12s,0,1,0,0,0,1,0
kite_01b,0,0,0,0,0,,
kite_02s,0,0,0,0,0,,
kite_03s,0,0,0,0,0,,
kite_04s,0,0,0,0,0,,
kite_05s,0,0,0,0,0,,
kite_06s,0,0,0,0,0,,
kite_07s,0,0,0,0,0,,
kite_08s,0,0,0,0,0,,
kite_09n,0,0,0,0,0,,
kite_10n,0,0,0,0,0,,
kite_11n,0,0,0,0,0,,
kite_12s,0,0,0,0,0,,
knife_01b,0,0,0,0,0,,
knife_02s,0,0,0,0,0,,
knife_03s,0,0,1,0,0,,
knife_04s,0,0,0,0,1,,
knife_05s,0,0,0,0,1,,
knife_06s,0,0,1,0,0,,
knife_07s,0,0,0,0,1,,
knife_08s,0,0,1,0,1,,
knife_09s,0,0,1,0,0,,
knife_10s,0,0,0,0,0,,
knife_11s,0,0,1,0,0,,
knife_12s,0,0,0,0,0,,
knot_01b,0,0,0,0,0,,
knot_02s,0,0,0,0,0,,
knot_03s,0,0,0,0,0,,
knot_04s,0,0,0,0,0,,
knot_05n,0,0,0,0,0,,
knot_06s,0,0,0,0,0,,
knot_07s,0,0,0,0,0,,
knot_08s,0,0,0,0,0,,
knot_09s,0,0,0,0,0,,
knot_10s,0,0,0,0,0,,
knot_11s,0,0,0,0,0,,
knot_12s,0,0,0,0,0,,
koala_01b,1,1,0,0,0,0,0
koala_02s,1,1,0,0,0,0,0
koala_03s,1,1,0,0,1,0,0
koala_04s,1,1,0,0,0,0,0
koala_05s,1,1,0,0,0,0,0
koala_06s,1,1,0,0,1,0,0
koala_07s,1,1,0,0,0,0,0
koala_08s,1,1,0,0,0,0,0
koala_09s,1,1,0,0,0,0,0
koala_10s,1,1,0,0,0,0,0
koala_11s,1,1,0,0,0,0,0
koala_12s,1,1,0,0,0,0,0
ladder_01b,0,0,0,0,0,,
ladder_02s,0,0,0,0,0,,
ladder_03s,0,0,0,0,0,,
ladder_04s,0,0,0,0,0,,
ladder_05s,0,0,0,0,0,,
ladder_06s,0,0,0,0,0,,
ladder_07s,0,0,0,0,0,,
ladder_08s,0,0,0,0,0,,
ladder_09s,0,0,0,0,0,,
ladder_10s,0,0,0,0,0,,
ladder_11s,0,0,0,0,0,,
ladder_12s,0,0,0,0,0,,
ladle_01b,0,0,0,0,1,,
ladle_02s,0,0,0,0,0,,
ladle_03s,0,0,1,0,0,,
ladle_04s,0,0,0,0,0,,
ladle_05s,0,0,0,0,1,,
ladle_06s,0,0,1,0,0,,
ladle_07s,0,0,0,0,0,,
ladle_08s,0,0,0,0,0,,
ladle_09s,0,0,0,0,1,,
ladle_10s,0,0,0,0,0,,
ladle_11s,0,0,0,0,0,,
ladle_12s,0,0,0,0,0,,
lamp_01b,0,0,0,0,0,,
lamp_02s,0,0,0,0,0,,
lamp_03s,0,0,0,0,0,,
lamp_04s,0,0,0,0,0,,
lamp_05s,0,0,0,0,0,,
lamp_06s,0,0,0,0,0,,
lamp_07s,0,0,0,0,0,,
lamp_08s,0,0,0,0,0,,
lamp_09s,0,0,0,0,0,,
lamp_10s,0,0,0,0,0,,
lamp_11s,0,0,0,0,0,,
lamp_12s,0,0,0,0,0,,
lampshade_01b,0,0,0,0,0,,
lampshade_02s,0,0,0,0,0,,
lampshade_03s,0,0,0,0,0,,
lampshade_04s,0,0,0,0,0,,
lampshade_05s,0,0,0,0,0,,
lampshade_06s,0,0,0,0,0,,
lampshade_07s,0,0,0,1,0,,
lampshade_08s,0,0,0,0,0,,
lampshade_09s,0,0,0,0,0,,
lampshade_10s,0,0,0,0,0,,
lampshade_11s,0,0,0,0,0,,
lampshade_12s,0,0,0,0,1,,
lantern_01b,0,0,0,0,1,,
lantern_02s,0,0,0,0,1,,
lantern_03s,0,0,0,0,0,,
lantern_04s,0,0,0,0,0,,
lantern_05s,0,0,0,0,0,,
lantern_06s,0,0,0,0,0,,
lantern_07s,0,0,0,0,0,,
lantern_08s,0,0,0,0,0,,
lantern_09s,0,0,0,0,0,,
lantern_10s,0,0,0,0,0,,
lantern_11s,0,0,0,0,0,,
lantern_12s,0,0,0,0,0,,
lasagna_01b,0,0,0,0,0,,
lasagna_02s,0,0,0,0,0,,
lasagna_03s,0,0,0,0,0,,
lasagna_04s,0,0,0,0,0,,
lasagna_05s,0,0,0,0,0,,
lasagna_06s,0,0,0,0,0,,
lasagna_07s,0,0,0,0,0,,
lasagna_08s,0,0,0,0,0,,
lasagna_09s,0,0,0,0,0,,
lasagna_10s,0,0,0,0,0,,
lasagna_11s,0,0,0,0,0,,
lasagna_12s,0,0,0,0,0,,
lawnmower_01b,1,1,0,0,0,1,0
lawnmower_02s,0,0,1,0,0,,
lawnmower_03s,0,0,1,0,0,,
lawnmower_04n,0,1,0,0,0,1,0
lawnmower_05n,1,1,0,0,0,1,0
lawnmower_06s,0,0,1,0,0,,
lawnmower_07s,0,0,0,0,0,,
lawnmower_08s,0,1,1,0,0,1,0
lawnmower_09s,0,0,0,0,0,,
lawnmower_10n,0,0,0,0,0,,
lawnmower_11n,0,0,0,0,0,,
lawnmower_12s,0,0,0,0,0,,
lectern_01b,0,0,0,0,0,,
lectern_02s,0,0,0,0,0,,
lectern_03s,0,0,1,0,0,,
lectern_04s,0,0,0,0,0,,
lectern_05s,0,0,0,0,0,,
lectern_06s,0,0,0,0,0,,
lectern_07s,0,0,0,0,0,,
lectern_08s,0,0,0,0,0,,
lectern_09s,0,1,0,0,0,1,0
lectern_10s,0,0,1,0,0,,
lectern_11s,0,0,0,0,0,,
lectern_12s,0,0,1,0,0,,
leek_01b,0,0,0,0,1,,
leek_02s,0,0,0,0,1,,
leek_03s,0,0,0,0,1,,
leek_04s,0,0,0,0,1,,
leek_05s,0,0,0,0,0,,
leek_06s,0,0,0,0,1,,
leek_07s,0,0,0,0,0,,
leek_08s,0,0,0,0,1,,
leek_09s,0,0,0,0,0,,
leek_10s,0,0,0,0,1,,
leek_11s,0,0,0,0,1,,
leek_12s,0,0,0,0,1,,
leggings_01b,0,1,0,0,0,1,0
leggings_02s,0,1,0,0,0,1,0
leggings_03s,0,1,0,0,0,1,0
leggings_04s,0,0,0,0,0,,
leggings_05s,0,1,0,0,0,1,0
leggings_06s,0,1,0,0,0,1,0
leggings_07s,0,1,0,0,0,1,0
leggings_08s,0,1,0,0,0,1,0
leggings_09s,0,1,0,0,0,1,0
leggings_10s,0,1,0,0,0,1,0
leggings_11s,0,1,0,0,0,1,0
leggings_12s,0,1,0,0,0,1,0
lego_01b,0,0,0,0,1,,
lego_02s,0,0,0,0,1,,
lego_03s,0,0,0,0,0,,
lego_04s,0,0,0,0,1,,
lego_05s,0,0,0,0,1,,
lego_06s,0,0,0,0,1,,
lego_07s,0,0,0,0,1,,
lego_08s,0,0,0,0,1,,
lego_09s,0,0,0,0,0,,
lego_10s,0,0,0,0,1,,
lego_11s,0,0,0,0,1,,
lego_12s,0,0,0,0,1,,
lemon_01b,0,0,0,0,1,,
lemon_02s,0,0,0,0,0,,
lemon_03s,0,0,0,0,1,,
lemon_04s,0,0,0,0,0,,
lemon_05s,0,0,0,0,1,,
lemon_06s,0,0,0,0,1,,
lemon_07s,0,0,0,0,1,,
lemon_08s,0,0,0,0,1,,
lemon_09s,0,0,0,0,1,,
lemon_10s,0,0,0,0,1,,
lemon_11s,0,0,0,0,1,,
lemon_12s,0,0,0,0,1,,
lemonade_01b,0,0,0,0,1,,
lemonade_02s,0,0,0,0,0,,
lemonade_03s,0,0,0,0,0,,
lemonade_04s,0,0,0,0,0,,
lemonade_05s,0,0,0,0,1,,
lemonade_06s,0,0,0,0,0,,
lemonade_07s,0,0,0,0,1,,
lemonade_08s,0,0,0,0,1,,
lemonade_09s,0,0,0,0,1,,
lemonade_10s,0,0,0,0,0,,
lemonade_11s,0,0,0,0,1,,
lemonade_12s,0,0,0,0,0,,
leopard_01b,1,1,0,0,0,0,0
leopard_02s,1,1,0,0,0,0,0
leopard_03s,1,1,0,0,0,0,0
leopard_04s,1,1,0,0,0,0,0
leopard_05s,1,1,0,0,0,0,0
leopard_06s,1,1,0,0,0,0,0
leopard_07s,1,1,0,0,0,0,0
leopard_08s,1,1,0,0,0,0,0
leopard_09s,1,1,0,0,0,0,0
leopard_10s,1,1,0,0,0,0,0
leopard_11s,1,1,0,0,0,0,0
leopard_12s,1,1,0,0,0,0,0
lettuce_01b,0,0,0,0,0,,
lettuce_02n,0,0,0,0,0,,
lettuce_03n,0,0,0,0,0,,
lettuce_04n,0,0,0,0,0,,
lettuce_05n,0,0,0,0,0,,
lettuce_06n,0,0,0,0,0,,
lettuce_07n,0,0,0,0,0,,
lettuce_08n,0,1,0,0,0,1,0
lettuce_09s,0,0,0,0,0,,
lettuce_10n,0,0,0,0,0,,
lettuce_11s,0,1,0,0,0,1,0
lettuce_12s,0,0,0,0,0,,
life_jacket_01b,0,0,0,0,0,,
life_jacket_02s,0,0,1,0,0,,
life_jacket_03s,0,1,0,0,0,1,0
life_jacket_04s,0,0,0,0,0,,
life_jacket_05s,0,0,0,0,0,,
life_jacket_06s,1,1,1,0,0,1,0
life_jacket_07s,0,0,1,0,0,,
life_jacket_08s,0,0,1,0,0,,
life_jacket_09s,0,0,0,1,0,,
life_jacket_10s,0,1,1,0,0,1,0
life_jacket_11s,0,0,1,0,0,,
life_jacket_12s,1,1,1,0,0,1,0
lightbulb_01b,0,0,0,0,0,,
lightbulb_02s,0,0,0,0,1,,
lightbulb_03s,0,0,0,0,0,,
lightbulb_04s,0,0,0,0,0,,
lightbulb_05s,0,1,0,0,0,1,0
lightbulb_06s,0,0,0,0,1,,
lightbulb_07s,0,0,0,0,0,,
lightbulb_08s,0,0,0,0,0,,
lightbulb_09s,0,0,0,0,0,,
lightbulb_10s,0,0,0,0,0,,
lightbulb_11s,0,0,0,0,0,,
lightbulb_12s,0,0,0,0,0,,
lime_01b,0,0,0,0,1,,
lime_02s,0,0,0,0,0,,
lime_03n,0,0,0,0,1,,
lime_04s,0,0,0,0,1,,
lime_05s,0,0,0,0,1,,
lime_06s,0,0,0,0,1,,
lime_07s,0,0,0,0,1,,
lime_08s,0,0,0,0,1,,
lime_09s,0,0,0,0,1,,
lime_10s,0,0,0,0,0,,
lime_11s,0,0,0,0,0,,
lime_12s,0,0,0,0,1,,
limousine_01s,0,0,0,0,0,,
limousine_02s,0,0,0,0,0,,
limousine_03s,0,0,0,0,0,,
limousine_04s,0,0,0,0,0,,
limousine_05s,0,0,0,0,0,,
limousine_06s,0,0,0,0,0,,
limousine_07s,0,0,0,0,0,,
limousine_08s,0,0,1,0,0,,
limousine_09s,0,0,0,0,0,,
limousine_10s,0,0,0,0,0,,
limousine_11s,0,0,0,0,0,,
limousine_12s,0,0,0,0,0,,
lingerie_01b,0,1,0,0,0,1,0
lingerie_02s,0,0,0,0,0,,
lingerie_03s,0,0,0,0,1,,
lingerie_04s,0,0,0,0,0,,
lingerie_05s,0,0,0,0,0,,
lingerie_06s,0,0,0,0,0,,
lingerie_07s,0,0,0,0,0,,
lingerie_08s,0,0,0,0,0,,
lingerie_09s,0,0,0,0,0,,
lingerie_10s,0,1,0,0,0,1,0
lingerie_11s,0,0,1,0,0,,
lingerie_12s,0,0,0,0,1,,
lion_01b,1,1,0,0,0,0,0
lion_02s,1,1,0,0,0,0,0
lion_03s,1,1,0,0,0,0,0
lion_04s,1,1,0,0,0,0,0
lion_05s,1,1,0,0,0,0,0
lion_06s,1,1,0,0,0,0,0
lion_07s,1,1,0,0,0,0,0
lion_08s,1,1,0,0,0,0,0
lion_09s,1,1,0,0,0,0,0
lion_10s,1,1,0,0,1,0,0
lion_11s,1,1,0,0,0,0,0
lion_12s,1,1,0,0,0,0,0
lip_balm_01b,0,0,0,0,1,,
lip_balm_02s,0,1,0,0,0,1,0
lip_balm_03s,0,0,0,0,1,,
lip_balm_04s,0,1,1,0,0,1,0
lip_balm_05s,1,1,0,0,0,1,0
lip_balm_06s,0,0,0,0,1,,
lip_balm_07s,1,1,0,0,0,1,0
lip_balm_08s,1,1,0,0,0,1,0
lip_balm_09s,0,0,0,0,0,,
lip_balm_10s,1,1,0,0,0,1,0
lip_balm_11s,0,0,0,0,1,,
lip_balm_12s,1,1,0,0,0,1,0
lizard_01b,0,0,0,0,0,,
lizard_02n,0,0,0,0,0,,
lizard_03n,0,0,0,0,0,,
lizard_04n,0,0,0,0,0,,
lizard_05n,0,0,0,0,0,,
lizard_06n,0,0,0,0,0,,
lizard_07n,0,1,0,0,0,0,0
lizard_08n,0,0,0,0,0,,
lizard_09n,0,0,0,0,0,,
lizard_10n,0,0,0,0,0,,
lizard_11n,0,0,0,0,0,,
lizard_12n,0,0,0,0,0,,
llama_01b,1,1,0,0,0,0,0
llama_02s,1,1,0,0,0,1,0
llama_03s,1,1,0,0,0,0,0
llama_04n,1,1,0,0,0,0,0
llama_05s,1,1,0,0,0,0,0
llama_06s,1,1,0,0,0,0,0
llama_07s,1,1,0,0,0,0,0
llama_08n,0,1,0,0,0,0,0
llama_09s,1,1,0,0,0,0,0
llama_10s,1,1,0,0,0,0,0
llama_11s,1,1,0,0,1,0,0
llama_12s,1,1,0,0,0,0,0
lobster_01b,0,0,0,0,0,,
lobster_02n,0,0,0,0,0,,
lobster_03s,0,0,0,0,0,,
lobster_04s,0,0,0,0,0,,
lobster_05s,0,0,0,0,0,,
lobster_06s,0,0,0,0,1,,
lobster_07s,0,0,0,0,0,,
lobster_08s,0,0,0,0,0,,
lobster_09s,0,0,0,0,1,,
lobster_10s,0,1,0,0,0,1,0
lobster_11s,0,0,0,0,0,,
lobster_12s,0,0,0,0,0,,
lock_01b,0,0,0,0,0,,
lock_02s,0,1,0,0,0,1,0
lock_03s,0,0,0,0,0,,
lock_04s,0,0,0,0,0,,
lock_05s,0,0,0,0,0,,
lock_06s,0,0,0,0,0,,
lock_07s,0,0,1,0,0,,
lock_08s,0,0,0,0,0,,
lock_09s,0,1,0,0,0,1,0
lock_10s,0,0,0,0,0,,
lock_11s,0,0,0,0,0,,
lock_12s,0,0,0,0,0,,
locker_01b,0,0,0,0,0,,
locker_02s,0,0,0,0,0,,
locker_03s,0,0,0,0,0,,
locker_04s,0,0,0,0,0,,
locker_05s,0,0,0,0,0,,
locker_06s,0,0,0,0,0,,
locker_07s,0,0,0,0,0,,
locker_08s,0,0,0,0,0,,
locker_09s,0,0,0,0,0,,
locker_10s,0,0,1,0,0,,
locker_11n,0,0,0,0,0,,
locker_12s,0,0,0,0,0,,
lollipop_01b,0,0,0,0,0,,
lollipop_02s,0,0,0,0,1,,
lollipop_03s,0,0,0,0,1,,
lollipop_04s,0,0,0,0,1,,
lollipop_05s,0,0,0,0,1,,
lollipop_06n,0,1,0,0,1,1,0
lollipop_07s,0,0,0,0,1,,
lollipop_08s,0,0,0,0,1,,
lollipop_09s,0,0,1,0,0,,
lollipop_10s,0,0,0,0,0,,
lollipop_11s,0,0,0,0,0,,
lollipop_12s,0,0,0,0,1,,
macadamia_01b,0,0,0,0,1,,
macadamia_02s,0,0,0,0,1,,
macadamia_03s,0,0,0,0,1,,
macadamia_04s,0,0,0,0,1,,
macadamia_05s,0,0,0,0,1,,
macadamia_06n,0,0,0,0,1,,
macadamia_07s,0,0,0,0,1,,
macadamia_08s,0,0,0,0,1,,
macadamia_09n,0,0,0,0,1,,
macadamia_10s,0,0,0,0,1,,
macadamia_11s,0,0,0,0,1,,
macadamia_12n,0,0,0,0,1,,
magnifying_glass_01b,0,0,0,0,0,,
magnifying_glass_02s,0,0,1,0,1,,
magnifying_glass_03s,0,0,1,0,0,,
magnifying_glass_04s,0,0,1,0,0,,
magnifying_glass_05s,0,0,0,0,0,,
magnifying_glass_06s,0,0,0,0,0,,
magnifying_glass_07s,0,0,0,0,0,,
magnifying_glass_08s,0,0,1,0,0,,
magnifying_glass_09s,0,0,0,0,0,,
magnifying_glass_10s,0,0,1,0,0,,
magnifying_glass_11s,0,0,1,0,0,,
magnifying_glass_12s,0,1,0,0,0,1,0
mailbox_01b,0,0,1,0,0,,
mailbox_02s,0,0,1,0,0,,
mailbox_03s,0,0,0,0,0,,
mailbox_04s,0,0,1,0,0,,
mailbox_05s,0,0,0,0,0,,
mailbox_06s,0,0,1,0,1,,
mailbox_07s,0,0,1,0,0,,
mailbox_08s,0,0,1,1,0,,
mailbox_09s,0,0,0,0,1,,
mailbox_10s,0,0,0,0,1,,
mailbox_11s,0,0,0,0,0,,
mailbox_12s,0,0,0,0,0,,
man_01b,1,1,0,0,0,1,0
man_02s,1,0,0,0,0,1,0
man_03s,1,1,0,0,0,1,0
man_04s,1,1,0,0,0,1,0
man_05s,1,1,0,0,0,1,0
man_06s,1,1,0,0,0,1,0
man_07s,1,0,0,0,0,1,0
man_08s,1,0,0,0,0,1,0
man_09s,1,0,0,0,0,1,0
man_10s,1,0,0,0,0,1,0
man_11s,1,1,0,0,0,1,0
man_12s,1,1,0,0,0,1,0
manatee_01b,1,1,0,0,0,0,0
manatee_02s,1,1,0,0,0,0,0
manatee_03s,1,1,0,0,0,0,0
manatee_04s,1,1,0,0,0,0,0
manatee_05s,1,1,0,0,0,0,0
manatee_06s,1,1,0,0,0,0,0
manatee_07s,0,1,0,0,0,0,0
manatee_08n,1,1,0,0,0,0,0
manatee_09s,1,1,0,0,0,0,0
manatee_10n,1,1,0,0,1,0,0
manatee_11s,1,1,0,0,0,0,0
manatee_12s,1,1,0,0,0,0,0
mandolin_01s,0,0,0,0,0,,
mandolin_02s,0,0,0,0,1,,
mandolin_03n,0,0,0,0,0,,
mandolin_04s,0,0,0,0,1,,
mandolin_05s,0,0,0,0,0,,
mandolin_06s,0,0,0,0,0,,
mandolin_07s,0,0,0,0,0,,
mandolin_08s,0,0,0,0,1,,
mandolin_09s,0,0,0,0,0,,
mandolin_10s,0,0,0,0,0,,
mandolin_11s,0,0,0,0,1,,
mandolin_12s,0,0,0,0,0,,
mango_01b,0,0,0,0,0,,
mango_02s,0,0,0,0,1,,
mango_03s,0,0,0,0,1,,
mango_04s,0,0,0,0,1,,
mango_05s,0,0,0,0,1,,
mango_06s,0,0,0,0,0,,
mango_07s,0,0,0,0,1,,
mango_08s,0,0,0,0,1,,
mango_09s,0,0,0,0,0,,
mango_10s,0,0,0,0,0,,
mango_11s,0,0,0,0,1,,
mango_12s,0,0,0,0,1,,
manhole_01b,0,0,1,0,0,,
manhole_02n,0,0,0,0,0,,
manhole_03s,0,0,1,0,0,,
manhole_04n,0,0,1,0,0,,
manhole_05n,0,0,0,0,0,,
manhole_06s,0,0,0,0,0,,
manhole_07n,0,0,0,1,0,,
manhole_08n,0,0,0,1,0,,
manhole_09n,0,0,0,0,0,,
manhole_10s,0,0,1,0,0,,
manhole_11s,0,0,0,0,0,,
manhole_12n,0,0,0,1,0,,
map_01s,0,0,1,0,0,,
map_02s,0,1,0,0,0,1,0
map_03s,0,0,0,0,0,,
map_04s,0,0,0,0,0,,
map_05s,0,0,0,0,0,,
map_06s,0,0,1,0,0,,
map_07s,0,0,0,0,0,,
map_08s,0,0,0,0,0,,
map_09s,0,1,0,0,0,1,0
map_10s,0,0,1,0,0,,
map_11s,0,0,0,0,0,,
map_12s,0,1,0,0,0,1,0
marijuana_01b,0,0,0,0,0,,
marijuana_02s,0,0,0,0,0,,
marijuana_03s,0,0,0,0,0,,
marijuana_04s,0,0,0,0,0,,
marijuana_05s,0,0,0,0,0,,
marijuana_06n,0,0,0,0,0,,
marijuana_07s,0,0,0,0,0,,
marijuana_08s,0,0,0,0,0,,
marijuana_09s,0,0,0,0,0,,
marijuana_10s,0,0,0,0,0,,
marijuana_11s,0,1,0,0,0,1,0
marijuana_12s,0,0,0,0,0,,
marshmallow_01b,0,0,0,0,1,,
marshmallow_02s,0,0,0,0,1,,
marshmallow_03s,0,0,0,0,1,,
marshmallow_04s,0,0,0,0,1,,
marshmallow_05s,0,0,0,0,1,,
marshmallow_06s,0,0,0,0,1,,
marshmallow_07s,0,0,0,0,1,,
marshmallow_08s,0,0,0,0,1,,
marshmallow_09s,0,0,0,0,1,,
marshmallow_10s,0,0,0,0,1,,
marshmallow_11s,0,0,0,0,0,,
marshmallow_12s,0,0,0,0,1,,
mascara_01b,1,1,0,0,0,1,0
mascara_02s,0,0,0,0,0,,
mascara_03s,0,0,0,0,0,,
mascara_04s,0,0,1,0,0,,
mascara_05s,1,0,0,0,0,1,0
mascara_06s,0,1,1,0,0,1,0
mascara_07s,1,0,0,0,0,1,0
mascara_08s,1,0,0,0,0,1,0
mascara_09s,0,0,1,0,0,,
mascara_10s,0,0,1,0,0,,
mascara_11s,0,0,1,0,0,,
mascara_12s,1,1,0,0,0,1,0
mask_01b,1,0,0,0,0,0,0
mask_02s,0,0,0,0,0,,
mask_03s,1,0,0,0,0,0,0
mask_04s,0,0,0,0,0,,
mask_05s,1,0,0,0,0,0,0
mask_06s,0,0,0,0,0,,
mask_07s,1,0,0,0,0,0,0
mask_08s,0,0,0,0,0,,
mask_09s,0,0,0,0,0,,
mask_10s,1,0,0,0,0,0,0
mask_11s,1,0,0,0,0,1,0
mask_12s,0,0,0,0,0,,
mast_01b,0,0,0,0,0,,
mast_02s,0,0,0,0,0,,
mast_03s,0,0,0,0,0,,
mast_04s,0,0,0,0,0,,
mast_05s,0,0,0,0,0,,
mast_06s,0,0,0,0,0,,
mast_07s,0,0,0,0,0,,
mast_08s,0,0,0,0,0,,
mast_09s,0,0,0,0,0,,
mast_10s,0,0,0,0,0,,
mast_11s,0,0,0,0,0,,
mast_12s,0,0,0,0,0,,
match_01b,0,0,0,0,0,,
match_02s,0,0,0,0,0,,
match_03s,0,0,0,0,0,,
match_04s,0,0,0,0,1,,
match_05s,0,0,0,0,0,,
match_06s,0,0,0,0,1,,
match_07s,0,0,0,0,1,,
match_08s,0,1,0,0,0,1,0
match_09s,0,1,0,0,1,1,0
match_10s,0,1,0,0,0,1,0
match_11s,0,0,0,0,1,,
match_12s,0,0,0,0,0,,
meat_01b,0,0,0,0,0,,
meat_02s,0,0,0,0,0,,
meat_03s,0,0,0,0,1,,
meat_04s,0,0,0,0,0,,
meat_05s,0,0,0,0,1,,
meat_06s,0,0,0,0,0,,
meat_07s,0,0,0,0,0,,
meat_08s,0,0,0,0,0,,
meat_09s,0,0,0,0,1,,
meat_10s,0,0,0,0,1,,
meat_11s,0,0,0,0,0,,
meat_12s,0,0,0,0,1,,
meat_grinder_01b,0,1,0,0,0,1,0
meat_grinder_02s,0,1,0,0,0,1,0
meat_grinder_03s,0,0,0,1,0,,
meat_grinder_04s,0,1,0,0,0,1,0
meat_grinder_05s,0,0,1,0,0,,
meat_grinder_06s,0,0,0,0,0,,
meat_grinder_07s,0,1,0,0,0,0,0
meat_grinder_08s,0,0,1,1,0,,
meat_grinder_09s,0,1,0,0,0,1,0
meat_grinder_10s,0,0,0,0,0,,
meat_grinder_11s,0,0,0,0,0,,
meat_grinder_12s,0,0,0,0,0,,
meatball_01b,0,0,0,0,1,,
meatball_02s,0,0,0,0,1,,
meatball_03s,0,0,0,0,1,,
meatball_04s,0,0,0,0,1,,
meatball_05s,0,0,0,0,1,,
meatball_06s,0,0,0,0,0,,
meatball_07s,0,0,0,0,1,,
meatball_08s,0,0,0,0,1,,
meatball_09s,0,0,0,0,1,,
meatball_10s,0,0,0,0,1,,
meatball_11s,0,0,0,0,1,,
meatball_12s,0,0,0,0,1,,
melon_01b,0,0,0,0,1,,
melon_02s,0,0,0,0,1,,
melon_03s,0,0,1,0,1,,
melon_04s,0,0,0,0,0,,
melon_05s,0,0,0,0,1,,
melon_06s,0,0,0,0,0,,
melon_07s,0,0,0,0,0,,
melon_08s,0,0,0,0,0,,
melon_09s,0,0,0,0,0,,
melon_10s,0,0,0,0,0,,
melon_11s,0,0,0,0,0,,
melon_12s,0,0,0,0,0,,
microphone_01b,0,0,0,0,0,,
microphone_02n,0,0,0,0,0,,
microphone_03s,0,0,0,0,0,,
microphone_04s,0,0,0,0,0,,
microphone_05s,0,0,0,0,0,,
microphone_06s,0,0,0,0,1,,
microphone_07s,0,0,1,0,0,,
microphone_08s,0,0,0,0,0,,
microphone_09s,0,0,0,0,0,,
microphone_10s,0,0,0,0,0,,
microphone_11s,0,0,0,0,0,,
microphone_12s,0,0,0,0,0,,
microscope_01b,0,0,0,0,0,,
microscope_02s,1,1,0,0,0,1,0
microscope_03s,0,0,1,0,0,,
microscope_04s,0,0,0,0,0,,
microscope_05s,0,0,1,0,0,,
microscope_06s,1,1,1,0,0,1,0
microscope_07s,0,0,0,0,0,,
microscope_08s,1,1,0,0,0,1,0
microscope_09s,0,0,1,0,0,,
microscope_10s,1,1,0,0,0,1,0
microscope_11s,0,1,1,0,0,1,0
microscope_12s,1,1,0,0,0,1,0
milk_01b,0,0,0,0,0,,
milk_02s,0,0,0,0,0,,
milk_03s,0,0,1,0,0,,
milk_04s,0,0,0,0,0,,
milk_05s,0,0,0,0,0,,
milk_06s,0,0,0,0,0,,
milk_07s,0,1,0,0,0,1,0
milk_08s,0,0,0,0,0,,
milk_09s,0,0,0,0,0,,
milk_10s,0,0,0,0,0,,
milk_11s,0,1,0,0,0,1,0
milk_12s,0,0,0,0,0,,
milkshake_01b,0,0,0,0,0,,
milkshake_02s,0,0,0,0,1,,
milkshake_03s,0,0,0,0,1,,
milkshake_04s,0,0,0,0,0,,
milkshake_05s,0,0,0,0,0,,
milkshake_06s,0,0,0,0,1,,
milkshake_07s,0,0,0,0,1,,
milkshake_08s,0,0,1,0,1,,
milkshake_09s,0,0,0,0,1,,
milkshake_10s,0,0,0,0,0,,
milkshake_11s,0,0,0,0,0,,
milkshake_12s,0,0,1,0,1,,
mirror_01b,0,0,0,0,0,,
mirror_02s,0,0,0,0,0,,
mirror_03s,0,0,0,0,0,,
mirror_04s,0,0,0,0,0,,
mirror_05s,0,0,0,0,0,,
mirror_06s,0,0,0,0,0,,
mirror_07s,0,0,0,0,0,,
mirror_08s,0,0,0,0,0,,
mirror_09s,0,0,0,0,0,,
mirror_10s,0,0,0,0,0,,
mirror_11s,0,0,0,0,0,,
mirror_12s,0,0,0,0,0,,
missile_01b,0,0,0,0,0,,
missile_02s,0,0,0,0,0,,
missile_03s,0,0,0,0,0,,
missile_04s,0,0,0,0,0,,
missile_05s,0,0,0,0,0,,
missile_06s,0,0,0,0,0,,
missile_07s,0,0,0,0,0,,
missile_08s,0,0,0,0,0,,
missile_09s,0,0,1,1,0,,
missile_10s,0,0,0,0,0,,
missile_11s,0,0,0,0,0,,
missile_12n,0,0,0,1,0,,
mistletoe_01b,0,0,0,0,0,,
mistletoe_02s,0,0,0,0,1,,
mistletoe_03s,0,0,0,0,0,,
mistletoe_04s,0,0,0,0,0,,
mistletoe_05n,0,0,0,0,1,,
mistletoe_06s,0,0,0,0,1,,
mistletoe_07s,0,0,0,0,1,,
mistletoe_08s,0,1,0,0,1,1,0
mistletoe_09s,0,0,0,0,1,,
mistletoe_10s,0,0,0,0,1,,
mistletoe_11s,0,0,0,0,1,,
mistletoe_12s,0,0,0,0,1,,
mitten_01b,0,0,0,0,0,,
mitten_02s,0,0,0,0,0,,
mitten_03s,0,1,0,0,0,1,0
mitten_04s,0,0,0,0,0,,
mitten_05s,0,1,0,0,0,1,0
mitten_06s,0,0,0,0,0,,
mitten_07s,0,0,0,0,0,,
mitten_08s,0,0,0,0,0,,
mitten_09s,0,0,0,0,0,,
mitten_10s,0,0,0,0,0,,
mitten_11s,0,0,0,0,0,,
mitten_12s,0,0,0,0,0,,
monkey_01b,1,1,0,0,0,0,1
monkey_02s,1,1,0,0,1,0,1
monkey_03s,1,1,0,0,1,0,1
monkey_04s,1,1,0,0,0,0,1
monkey_05s,1,0,0,0,0,0,1
monkey_06s,1,1,0,0,0,0,1
monkey_07s,1,1,0,0,0,0,1
monkey_08s,1,0,0,0,0,0,1
monkey_09s,1,1,0,0,0,0,1
monkey_10s,1,1,0,0,0,0,1
monkey_11n,1,1,0,0,0,0,1
monkey_12s,1,1,0,0,0,0,1
moose_01b,1,1,0,0,0,0,0
moose_02s,1,1,0,0,0,0,0
moose_03s,1,1,0,0,0,0,0
moose_04s,1,1,0,0,0,0,0
moose_05s,1,1,0,0,0,0,0
moose_06s,1,1,0,0,0,0,0
moose_07s,1,1,0,0,0,0,0
moose_08s,1,1,0,0,0,0,0
moose_09s,1,1,0,0,0,0,0
moose_10s,1,1,0,0,0,0,0
moose_11s,1,1,0,0,0,0,0
moose_12s,1,1,0,0,0,0,0
mop_01b,0,0,0,0,1,,
mop_02s,0,0,0,0,0,,
mop_03s,0,0,0,0,0,,
mop_04s,0,1,0,0,0,1,0
mop_05s,0,0,0,0,0,,
mop_06s,0,0,0,0,0,,
mop_07s,0,0,0,0,0,,
mop_08s,0,0,0,0,0,,
mop_09s,0,1,0,0,0,1,0
mop_10s,0,0,0,0,0,,
mop_11s,0,0,0,0,0,,
mop_12s,0,0,0,0,0,,
mosquito_01b,0,0,0,0,0,,
mosquito_02s,0,0,0,0,0,,
mosquito_03s,0,0,0,0,0,,
mosquito_04s,0,0,0,0,0,,
mosquito_05s,0,0,0,0,0,,
mosquito_06s,0,0,0,0,0,,
mosquito_07s,0,0,0,0,0,,
mosquito_08s,0,0,0,0,0,,
mosquito_09s,0,0,0,0,0,,
mosquito_10s,0,0,0,0,0,,
mosquito_11s,0,0,0,0,0,,
mosquito_12s,0,0,0,0,0,,
mosquito_net_01b,1,1,0,0,0,1,0
mosquito_net_02s,0,0,0,0,0,,
mosquito_net_03s,0,0,0,0,0,,
mosquito_net_04s,0,0,0,0,0,,
mosquito_net_05s,1,1,0,0,0,1,0
mosquito_net_06s,0,0,0,0,0,,
mosquito_net_07s,0,0,0,0,0,,
mosquito_net_08s,0,0,0,0,0,,
mosquito_net_09s,0,0,0,0,0,,
mosquito_net_10s,0,0,0,0,0,,
mosquito_net_11s,0,0,0,0,0,,
mosquito_net_12s,0,0,0,0,0,,
moth_01b,0,0,0,0,0,,
moth_02n,0,0,0,0,0,,
moth_03n,0,0,0,0,0,,
moth_04n,0,0,0,0,0,,
moth_05n,0,0,0,0,0,,
moth_06n,0,0,0,0,0,,
moth_07n,0,0,0,0,0,,
moth_08n,0,0,0,0,0,,
moth_09n,0,0,0,0,0,,
moth_10n,0,0,0,0,0,,
moth_11n,0,0,0,0,0,,
moth_12n,0,0,0,0,0,,
motorcycle_01b,0,0,0,0,0,,
motorcycle_02s,0,0,0,0,0,,
motorcycle_03s,0,0,0,0,0,,
motorcycle_04s,0,0,0,0,0,,
motorcycle_05s,0,1,0,0,0,1,0
motorcycle_06s,0,0,1,0,0,,
motorcycle_07s,0,0,1,0,0,,
motorcycle_08s,0,0,1,0,0,,
motorcycle_09s,0,0,0,0,0,,
motorcycle_10s,0,0,0,0,0,,
motorcycle_11s,0,0,0,0,0,,
motorcycle_12s,0,0,1,0,0,,
mouse1_01b,1,1,0,0,0,0,0
mouse1_02s,1,1,0,0,0,0,0
mouse1_03s,1,1,0,0,0,0,0
mouse1_04s,1,1,0,0,0,0,0
mouse1_05s,1,1,0,0,0,0,0
mouse1_06s,1,1,0,0,0,0,0
mouse1_07s,1,0,0,0,0,0,0
mouse1_08s,1,1,0,0,0,0,0
mouse1_09s,1,1,0,0,0,0,0
mouse1_10s,1,1,0,0,0,0,0
mouse1_11s,1,1,0,0,0,0,0
mouse1_12s,1,1,0,0,0,0,0
mousetrap_01b,0,0,1,0,0,,
mousetrap_02s,0,0,0,1,0,,
mousetrap_03s,0,1,1,0,0,1,0
mousetrap_04n,0,0,1,0,0,,
mousetrap_05s,0,0,1,0,0,,
mousetrap_06n,0,0,1,0,0,,
mousetrap_07s,0,0,1,0,0,,
mousetrap_08s,0,1,1,0,0,1,0
mousetrap_09s,0,0,0,0,0,,
mousetrap_10n,0,0,1,0,0,,
mousetrap_11s,0,0,0,0,0,,
mousetrap_12s,0,0,1,0,0,,
mousse_01b,0,0,0,0,0,,
mousse_02s,0,0,0,0,0,,
mousse_03s,0,0,0,0,0,,
mousse_04s,0,0,0,0,0,,
mousse_05s,0,0,0,0,0,,
mousse_06s,0,0,0,0,0,,
mousse_07s,0,0,0,0,0,,
mousse_08s,0,0,0,0,0,,
mousse_09s,0,0,0,0,0,,
mousse_10s,0,0,0,0,0,,
mousse_11s,0,0,0,0,1,,
mousse_12s,0,0,0,0,0,,
muffin_01b,0,0,0,0,0,,
muffin_02n,0,0,0,0,1,,
muffin_03n,0,0,0,0,1,,
muffin_04n,0,0,0,0,1,,
muffin_05n,0,0,0,0,1,,
muffin_06n,0,0,0,0,1,,
muffin_07n,0,0,0,0,0,,
muffin_08n,0,0,0,0,0,,
muffin_09n,0,0,0,0,1,,
muffin_10n,0,0,0,0,1,,
muffin_11n,0,0,0,0,1,,
muffin_12n,0,0,0,0,1,,
mushroom_01b,0,0,0,0,0,,
mushroom_02n,0,0,0,0,1,,
mushroom_03n,0,0,0,0,1,,
mushroom_04n,0,0,0,0,0,,
mushroom_05n,0,0,0,0,1,,
mushroom_06n,0,0,0,0,0,,
mushroom_07n,0,0,0,0,1,,
mushroom_08n,0,0,0,0,1,,
mushroom_09n,0,0,0,0,0,,
mushroom_10n,0,0,0,0,1,,
mushroom_11n,0,0,0,0,1,,
mushroom_12n,0,0,0,0,0,,
nacho_01b,0,0,0,0,0,,
nacho_02s,0,0,0,0,0,,
nacho_03s,0,0,0,0,0,,
nacho_04s,0,0,0,0,0,,
nacho_05s,0,0,0,0,0,,
nacho_06n,0,0,0,0,0,,
nacho_07s,0,0,0,0,0,,
nacho_08s,0,0,0,0,0,,
nacho_09s,0,0,0,0,0,,
nacho_10s,0,0,0,0,0,,
nacho_11s,0,0,0,0,0,,
nacho_12s,0,0,0,0,0,,
nail_polish_01b,0,0,1,0,1,,
nail_polish_02s,0,0,0,0,1,,
nail_polish_03s,0,0,0,0,1,,
nail_polish_04s,0,0,0,0,0,,
nail_polish_05s,0,1,1,0,0,1,0
nail_polish_06s,0,0,0,0,1,,
nail_polish_07s,0,0,1,0,1,,
nail_polish_08s,0,0,1,0,1,,
nail_polish_09s,0,0,0,0,1,,
nail_polish_10s,0,0,1,0,1,,
nail_polish_11s,0,0,1,0,0,,
nail_polish_12s,0,0,1,0,1,,
napkin_ring_01b,0,0,0,0,1,,
napkin_ring_02s,0,0,0,0,1,,
napkin_ring_03s,0,0,1,0,0,,
napkin_ring_04s,0,0,0,0,0,,
napkin_ring_05s,0,0,0,0,0,,
napkin_ring_06s,0,0,0,0,0,,
napkin_ring_07s,0,0,0,0,1,,
napkin_ring_08s,0,0,0,1,1,,
napkin_ring_09s,0,0,0,0,1,,
napkin_ring_10s,0,0,0,0,0,,
napkin_ring_11s,0,0,0,0,0,,
napkin_ring_12s,0,0,0,0,1,,
necklace_01b,0,1,0,0,0,1,0
necklace_02s,0,1,0,1,0,1,0
necklace_03s,0,1,0,0,0,1,0
necklace_04n,0,0,0,0,0,,
necklace_05s,0,1,0,0,0,0,0
necklace_06s,0,1,0,0,0,1,0
necklace_07s,0,1,0,0,0,1,0
necklace_08s,0,1,0,0,0,0,0
necklace_09s,0,0,0,0,0,,
necklace_10n,0,0,0,0,0,,
necklace_11s,0,0,0,0,0,,
necklace_12s,0,0,0,0,0,,
needle_01s,0,0,0,0,1,,
needle_02s,0,0,0,0,0,,
needle_03s,0,0,0,0,1,,
needle_04s,0,0,0,0,0,,
needle_05n,0,0,0,0,1,,
needle_06s,0,0,0,0,0,,
needle_07s,0,0,0,0,0,,
needle_08s,0,0,0,0,0,,
needle_09s,0,0,0,0,0,,
needle_10n,0,0,0,0,1,,
needle_11s,0,0,0,0,0,,
needle_12s,0,0,0,0,1,,
nest_01b,0,0,0,0,0,,
nest_02s,0,0,0,0,1,,
nest_03s,0,0,0,0,0,,
nest_04s,0,1,0,0,0,1,0
nest_05s,0,0,0,0,0,,
nest_06s,0,0,0,0,0,,
nest_07s,0,0,0,0,1,,
nest_08s,0,0,0,0,0,,
nest_09s,0,0,0,0,1,,
nest_10s,0,0,0,0,0,,
nest_11s,0,0,0,0,0,,
nest_12s,0,0,0,0,0,,
net_01b,0,0,0,0,0,,
net_02s,0,0,0,0,0,,
net_03s,0,0,0,0,0,,
net_04s,0,0,0,0,0,,
net_05s,0,0,0,0,0,,
net_06s,0,0,0,0,0,,
net_07s,0,0,0,0,0,,
net_08s,0,1,0,0,0,1,0
net_09s,0,0,0,0,0,,
net_10s,0,0,0,0,0,,
net_11s,0,0,0,0,1,,
net_12s,0,0,0,0,0,,
noodle_01s,0,0,0,0,0,,
noodle_02s,0,0,0,0,0,,
noodle_03s,0,0,0,0,0,,
noodle_04s,0,0,0,0,0,,
noodle_05s,0,0,0,0,0,,
noodle_06s,0,0,0,0,0,,
noodle_07s,0,0,0,0,0,,
noodle_08s,0,0,0,0,0,,
noodle_09s,0,0,0,0,0,,
noodle_10s,0,0,0,0,0,,
noodle_11s,0,0,0,0,0,,
noodle_12s,0,0,0,0,0,,
nose_01b,1,0,0,0,0,1,0
nose_02s,1,0,0,0,0,1,0
nose_03s,1,0,0,0,0,1,0
nose_04s,1,0,0,0,0,1,0
nose_05s,1,0,0,0,0,1,0
nose_06s,1,0,0,0,0,1,0
nose_07s,1,0,0,0,0,1,0
nose_08s,1,0,0,0,0,1,0
nose_09s,1,0,0,0,0,1,0
nose_10s,1,0,0,0,0,1,0
nose_11s,1,0,0,0,0,1,0
nose_12s,1,0,0,0,0,1,0
oar_01b,0,0,0,0,1,,
oar_02s,0,0,0,0,1,,
oar_03s,0,0,0,0,1,,
oar_04s,0,0,1,0,1,,
oar_05s,0,0,0,0,1,,
oar_06s,0,0,0,0,0,,
oar_07s,0,0,0,0,1,,
oar_08s,0,0,1,0,1,,
oar_09s,0,0,0,0,1,,
oar_10s,0,0,0,1,1,,
oar_11s,0,0,0,0,1,,
oar_12s,1,0,0,0,0,1,0
oatmeal_01s,0,0,0,1,0,,
oatmeal_02s,0,0,0,0,0,,
oatmeal_03s,0,0,0,0,0,,
oatmeal_04s,0,0,0,0,0,,
oatmeal_05s,0,0,0,0,0,,
oatmeal_06s,0,0,0,0,0,,
oatmeal_07s,0,0,0,0,0,,
oatmeal_08s,0,0,0,0,0,,
oatmeal_09s,0,0,0,0,0,,
oatmeal_10s,0,0,0,0,0,,
oatmeal_11s,0,0,0,0,0,,
oatmeal_12s,0,0,0,0,0,,
octopus_01b,0,0,0,0,0,,
octopus_02s,0,0,0,0,0,,
octopus_03s,0,0,0,0,0,,
octopus_04s,0,0,0,0,0,,
octopus_05s,0,0,0,0,0,,
octopus_06s,0,0,0,0,0,,
octopus_07s,0,0,0,0,0,,
octopus_08n,0,0,0,0,0,,
octopus_09s,0,0,0,0,0,,
octopus_10s,0,0,0,0,0,,
octopus_11n,0,0,0,0,0,,
octopus_12s,0,0,0,0,0,,
odometer_01b,0,0,1,0,0,,
odometer_02s,0,1,1,0,0,1,0
odometer_03s,0,0,1,0,0,,
odometer_04s,0,0,1,0,0,,
odometer_05s,0,0,1,1,0,,
odometer_06s,0,0,1,0,0,,
odometer_07s,0,0,1,0,0,,
odometer_08s,0,0,1,0,0,,
odometer_09s,0,0,1,1,0,,
odometer_10s,0,0,1,0,0,,
odometer_11s,0,0,1,0,0,,
odometer_12s,0,0,1,0,0,,
okra_01b,0,0,0,0,1,,
okra_02n,0,0,0,0,0,,
okra_03s,0,0,0,0,1,,
okra_04s,0,0,0,0,1,,
okra_05s,0,0,0,0,1,,
okra_06s,0,0,0,0,1,,
okra_07s,0,0,0,0,1,,
okra_08s,0,0,0,0,1,,
okra_09s,0,0,0,0,1,,
okra_10s,0,1,0,0,1,1,0
okra_11n,0,0,0,0,1,,
okra_12s,0,0,0,0,1,,
omelet_01b,0,0,0,0,0,,
omelet_02s,0,0,0,0,0,,
omelet_03s,0,0,0,0,0,,
omelet_04n,0,0,0,0,0,,
omelet_05s,0,0,0,0,0,,
omelet_06s,0,0,0,0,0,,
omelet_07s,0,0,0,0,0,,
omelet_08s,0,0,0,0,0,,
omelet_09n,0,0,0,0,0,,
omelet_10s,0,0,0,0,0,,
omelet_11s,0,0,0,0,0,,
omelet_12s,0,0,0,0,0,,
onion_01b,0,0,0,0,1,,
onion_02n,0,0,0,0,1,,
onion_03n,0,0,0,0,1,,
onion_04s,0,0,0,0,1,,
onion_05s,0,0,0,0,1,,
onion_06s,0,0,0,0,1,,
onion_07s,0,0,0,0,1,,
onion_08s,0,0,0,0,1,,
onion_09s,0,0,0,0,1,,
onion_10s,0,0,0,0,1,,
onion_11n,0,0,0,0,1,,
onion_12n,0,0,0,0,1,,
otter_01b,1,1,0,0,0,0,0
otter_02s,1,1,0,0,0,0,0
otter_03s,1,1,0,0,0,0,0
otter_04n,1,1,0,0,0,0,0
otter_05s,1,1,0,0,1,0,0
otter_06n,1,1,0,0,0,0,0
otter_07n,1,1,0,0,0,0,0
otter_08n,1,1,0,0,0,0,0
otter_09s,1,1,0,0,0,0,0
otter_10n,1,1,0,0,0,0,0
otter_11s,1,1,0,0,1,0,0
otter_12s,1,1,0,0,0,0,0
overalls_01s,0,1,0,0,0,1,0
overalls_02s,0,0,0,0,0,,
overalls_03s,0,1,0,0,0,1,0
overalls_04s,0,1,0,0,0,1,0
overalls_05s,0,0,0,0,0,,
overalls_06s,0,0,0,0,0,,
overalls_07s,0,1,0,0,0,1,0
overalls_08s,0,1,0,0,0,1,0
overalls_09s,0,1,0,0,0,1,0
overalls_10s,0,0,0,0,0,,
overalls_11s,0,0,1,0,0,,
overalls_12s,0,1,0,0,0,1,0
oyster_01b,0,0,0,0,1,,
oyster_02n,0,0,0,0,1,,
oyster_03n,0,0,0,0,1,,
oyster_04s,0,1,0,0,0,1,0
oyster_05s,0,0,0,0,1,,
oyster_06s,0,0,0,0,1,,
oyster_07s,0,0,0,0,0,,
oyster_08s,0,0,0,0,1,,
oyster_09s,0,0,0,0,0,,
oyster_10s,0,0,0,0,1,,
oyster_11n,0,0,0,0,1,,
oyster_12s,0,0,0,0,0,,
pacifier_01s,0,0,0,0,0,,
pacifier_02s,0,0,0,0,0,,
pacifier_03s,0,0,0,0,0,,
pacifier_04s,0,0,0,0,0,,
pacifier_05s,0,0,1,0,0,,
pacifier_06s,0,0,0,0,0,,
pacifier_07s,1,0,0,0,0,1,0
pacifier_08s,0,0,0,0,1,,
pacifier_09s,0,0,0,0,0,,
pacifier_10s,0,0,0,0,0,,
pacifier_11s,0,0,0,0,1,,
pacifier_12s,0,0,0,0,0,,
padlock_01b,0,0,0,0,0,,
padlock_02n,0,0,1,0,0,,
padlock_03s,0,0,1,0,0,,
padlock_04n,0,0,0,0,0,,
padlock_05s,0,0,1,0,0,,
padlock_06s,0,0,1,1,0,,
padlock_07s,0,0,0,0,0,,
padlock_08s,0,0,1,0,0,,
padlock_09s,0,0,0,0,0,,
padlock_10s,0,0,0,0,0,,
padlock_11s,0,0,1,0,0,,
padlock_12s,0,0,1,0,0,,
paint_01b,0,0,0,0,1,,
paint_02s,0,0,0,0,1,,
paint_03s,0,0,0,0,0,,
paint_04s,0,0,0,0,1,,
paint_05s,0,0,0,0,0,,
paint_06s,0,0,1,0,1,,
paint_07s,0,0,0,0,0,,
paint_08s,0,0,0,0,0,,
paint_09s,0,0,0,0,1,,
paint_10s,0,0,0,0,1,,
paint_11s,0,0,0,0,1,,
paint_12s,0,0,0,0,1,,
paintbrush_01b,0,0,0,0,1,,
paintbrush_02s,0,0,0,0,0,,
paintbrush_03s,0,0,0,0,1,,
paintbrush_04s,0,0,1,0,0,,
paintbrush_05s,0,0,0,0,1,,
paintbrush_06s,0,0,0,0,1,,
paintbrush_07s,0,0,0,0,1,,
paintbrush_08s,0,0,0,0,1,,
paintbrush_09s,0,0,1,0,0,,
paintbrush_10s,0,0,0,0,0,,
paintbrush_11s,0,0,0,0,1,,
paintbrush_12s,0,0,0,0,1,,
pan_01b,0,0,0,0,0,,
pan_02s,0,0,0,0,1,,
pan_03s,0,0,1,0,0,,
pan_04s,0,0,0,0,0,,
pan_05s,0,0,0,0,0,,
pan_06s,0,0,0,0,0,,
pan_07s,0,0,0,0,1,,
pan_08s,0,0,0,0,0,,
pan_09s,0,0,0,0,0,,
pan_10s,0,0,0,0,0,,
pan_11s,0,0,0,0,0,,
pan_12s,0,0,0,0,0,,
pancake_01b,0,0,0,0,1,,
pancake_02n,0,0,0,0,1,,
pancake_03s,0,0,0,0,1,,
pancake_04s,0,0,0,0,1,,
pancake_05s,0,0,0,0,0,,
pancake_06s,0,0,0,0,1,,
pancake_07s,0,0,0,0,1,,
pancake_08s,0,0,0,0,1,,
pancake_09s,0,0,0,0,1,,
pancake_10s,0,0,0,0,0,,
pancake_11s,0,0,0,0,1,,
pancake_12s,0,0,0,0,1,,
panda_01b,1,1,0,0,0,0,0
panda_02s,1,1,0,0,0,0,0
panda_03s,1,1,0,0,0,0,0
panda_04s,1,1,0,0,0,0,0
panda_05s,1,1,0,0,0,0,0
panda_06s,1,1,0,0,0,0,0
panda_07s,1,0,0,0,0,0,0
panda_08s,1,0,0,0,0,0,0
panda_09s,1,1,0,0,0,0,0
panda_10s,1,1,0,0,0,0,0
panda_11s,1,1,0,0,0,0,0
panda_12s,1,1,0,0,0,0,0
pantyhose_01b,0,1,0,0,0,1,0
pantyhose_02s,0,1,0,0,0,1,0
pantyhose_03s,0,0,0,0,0,,
pantyhose_04s,0,0,0,0,0,,
pantyhose_05s,0,1,0,0,0,1,0
pantyhose_06s,0,1,0,0,0,1,0
pantyhose_07s,0,0,0,0,0,,
pantyhose_08s,0,1,0,0,0,1,0
pantyhose_09s,0,1,0,0,0,1,0
pantyhose_10s,0,0,0,0,0,,
pantyhose_11s,0,1,0,0,0,1,0
pantyhose_12s,0,0,0,0,0,,
papaya_01b,0,0,0,0,1,,
papaya_02s,0,0,0,0,0,,
papaya_03s,0,0,0,0,0,,
papaya_04s,0,0,0,0,0,,
papaya_05s,0,0,0,0,0,,
papaya_06n,0,0,0,0,0,,
papaya_07s,0,0,0,0,0,,
papaya_08s,0,0,0,0,0,,
papaya_09s,0,0,0,0,0,,
papaya_10n,0,0,0,0,0,,
papaya_11n,0,0,0,0,0,,
papaya_12s,0,0,0,0,1,,
paper_01b,0,0,1,0,0,,
paper_02s,0,1,0,0,0,1,0
paper_03s,0,0,0,0,0,,
paper_04s,0,0,0,0,0,,
paper_05s,0,0,0,0,0,,
paper_06s,0,0,0,0,0,,
paper_07s,0,0,0,0,0,,
paper_08s,0,0,0,0,0,,
paper_09s,0,0,0,0,0,,
paper_10s,0,0,0,0,0,,
paper_11s,0,0,0,0,0,,
paper_12s,0,0,0,0,0,,
paperclip_01s,0,0,0,0,1,,
paperclip_02s,0,0,0,0,1,,
paperclip_03s,0,0,0,0,1,,
paperclip_04s,0,0,0,0,1,,
paperclip_05s,0,0,0,0,0,,
paperclip_06s,0,0,0,0,1,,
paperclip_07s,0,0,0,0,1,,
paperclip_08s,0,0,0,0,1,,
paperclip_09s,0,0,0,0,1,,
paperclip_10s,0,0,0,0,1,,
paperclip_11s,0,0,0,0,1,,
paperclip_12s,0,0,0,0,1,,
parachute_01b,0,0,0,0,0,,
parachute_02s,0,1,0,0,0,1,0
parachute_03s,0,1,0,0,0,1,0
parachute_04s,0,1,0,0,0,1,0
parachute_05s,0,1,0,0,0,1,0
parachute_06s,0,0,0,0,0,,
parachute_07s,1,1,1,0,0,1,0
parachute_08s,0,1,0,0,0,1,0
parachute_09s,1,1,0,0,0,1,0
parachute_10s,0,1,0,0,0,1,0
parachute_11s,0,0,0,0,0,,
parachute_12s,0,0,0,0,0,,
parsley_01b,0,0,0,0,0,,
parsley_02n,0,0,0,0,0,,
parsley_03s,0,0,0,0,0,,
parsley_04s,0,0,0,0,0,,
parsley_05s,0,0,0,0,0,,
parsley_06s,0,0,0,0,0,,
parsley_07n,0,0,0,0,0,,
parsley_08s,0,0,0,0,0,,
parsley_09s,0,0,0,0,0,,
parsley_10s,0,0,0,0,0,,
parsley_11n,0,0,0,0,0,,
parsley_12n,0,0,0,0,0,,
pastry_01b,0,0,0,0,0,,
pastry_02s,0,0,0,0,1,,
pastry_03n,0,0,0,0,1,,
pastry_04s,0,0,0,0,0,,
pastry_05s,0,0,0,0,0,,
pastry_06s,0,0,0,0,1,,
pastry_07s,0,0,0,0,0,,
pastry_08s,0,0,0,0,0,,
pastry_09s,0,0,0,0,0,,
pastry_10s,0,0,0,0,0,,
pastry_11s,0,0,0,0,0,,
pastry_12s,0,0,0,0,0,,
pea_01s,0,0,0,0,1,,
pea_02s,0,0,0,0,1,,
pea_03s,0,0,0,0,1,,
pea_04s,0,0,0,0,1,,
pea_05s,0,0,0,0,1,,
pea_06s,0,0,0,0,1,,
pea_07s,0,0,0,0,1,,
pea_08s,0,0,0,0,1,,
pea_09s,0,0,0,0,1,,
pea_10s,0,0,0,0,1,,
pea_11s,0,0,0,0,1,,
pea_12s,0,0,0,0,1,,
peach_01b,0,0,0,0,1,,
peach_02n,0,0,0,0,1,,
peach_03s,0,0,0,0,1,,
peach_04s,0,0,0,0,1,,
peach_05s,0,0,0,0,1,,
peach_06s,0,0,0,0,1,,
peach_07n,0,0,0,0,1,,
peach_08s,0,0,0,0,1,,
peach_09n,0,0,0,0,1,,
peach_10n,0,0,0,0,1,,
peach_11n,0,0,0,0,1,,
peach_12s,0,0,0,0,1,,
peanut_01b,0,0,0,0,1,,
peanut_02n,0,0,0,0,1,,
peanut_03s,0,0,0,0,1,,
peanut_04s,0,0,0,0,1,,
peanut_05s,0,0,0,0,1,,
peanut_06n,0,0,0,0,1,,
peanut_07s,0,0,0,0,1,,
peanut_08s,0,0,0,0,1,,
peanut_09n,0,0,0,0,1,,
peanut_10n,0,0,0,0,1,,
peanut_11n,0,0,0,0,1,,
peanut_12s,0,0,0,0,1,,
pear_01b,0,0,0,0,1,,
pear_02s,0,0,0,0,1,,
pear_03s,0,0,0,0,1,,
pear_04s,0,0,0,0,1,,
pear_05s,0,0,0,0,1,,
pear_06s,0,0,0,0,1,,
pear_07s,0,0,0,0,1,,
pear_08s,0,0,0,0,1,,
pear_09s,0,0,0,0,0,,
pear_10s,0,0,0,0,0,,
pear_11s,0,0,0,0,0,,
pear_12s,0,0,0,0,1,,
pecan_01b,0,0,0,0,1,,
pecan_02s,0,0,0,0,1,,
pecan_03s,0,0,0,0,1,,
pecan_04s,0,0,0,0,1,,
pecan_05s,0,0,0,0,1,,
pecan_06s,0,0,0,0,1,,
pecan_07s,0,0,0,0,1,,
pecan_08s,0,0,0,0,1,,
pecan_09s,0,0,0,0,1,,
pecan_10s,0,0,0,0,1,,
pecan_11s,0,0,0,0,1,,
pecan_12s,0,0,0,0,1,,
peeler_01b,0,0,0,0,1,,
peeler_02s,0,0,0,1,0,,
peeler_03s,0,0,0,0,1,,
peeler_04s,0,0,0,0,0,,
peeler_05s,0,0,0,0,0,,
peeler_06s,0,1,0,0,0,1,0
peeler_07s,0,0,0,0,0,,
peeler_08s,0,0,0,0,1,,
peeler_09s,0,0,0,0,0,,
peeler_10s,0,0,0,0,1,,
peeler_11s,0,0,0,0,0,,
peeler_12s,0,0,0,1,0,,
pencil_01s,0,0,1,1,1,,
pencil_02s,0,0,1,0,1,,
pencil_03s,0,0,0,0,0,,
pencil_04s,0,0,1,0,1,,
pencil_05n,0,0,0,0,1,,
pencil_06n,0,0,0,0,0,,
pencil_07s,0,0,0,0,0,,
pencil_08s,0,0,0,0,1,,
pencil_09s,0,1,0,0,1,1,0
pencil_10s,0,0,0,0,0,,
pencil_11s,0,0,1,0,0,,
pencil_12n,0,0,0,0,1,,
pencil_sharpener_01b,0,0,0,0,0,,
pencil_sharpener_02s,0,0,0,0,0,,
pencil_sharpener_03s,0,0,0,0,1,,
pencil_sharpener_04s,0,0,0,0,0,,
pencil_sharpener_05s,0,0,1,0,1,,
pencil_sharpener_06s,0,0,0,0,0,,
pencil_sharpener_07s,0,0,0,0,1,,
pencil_sharpener_08s,0,0,0,0,1,,
pencil_sharpener_09n,0,0,0,0,0,,
pencil_sharpener_10s,0,0,0,0,0,,
pencil_sharpener_11s,0,0,1,0,1,,
pencil_sharpener_12n,0,0,0,0,0,,
penguin_01b,1,1,0,0,1,0,0
penguin_02s,1,1,0,0,0,0,0
penguin_03s,1,1,0,0,0,0,0
penguin_04s,1,1,0,0,0,0,0
penguin_05s,1,1,0,0,0,0,0
penguin_06s,1,1,0,0,0,0,0
penguin_07s,1,1,0,0,1,0,0
penguin_08s,1,1,0,0,0,0,0
penguin_09s,1,1,0,0,1,0,0
penguin_10s,1,1,0,0,1,0,0
penguin_11s,1,1,0,0,1,0,0
penguin_12s,1,1,0,0,0,0,0
pepper1_01b,0,0,0,0,0,,
pepper1_02s,0,0,0,0,0,,
pepper1_03s,0,0,0,0,0,,
pepper1_04s,0,0,0,0,0,,
pepper1_05s,0,0,0,0,0,,
pepper1_06s,0,0,0,0,0,,
pepper1_07s,0,0,0,0,0,,
pepper1_08s,0,0,0,0,0,,
pepper1_09s,0,0,0,0,0,,
pepper1_10s,0,0,0,0,0,,
pepper1_11s,0,0,0,0,0,,
pepper1_12s,0,0,0,0,0,,
petal_01b,0,0,0,0,1,,
petal_02s,0,0,0,0,0,,
petal_03s,0,0,0,0,1,,
petal_04s,0,0,0,0,0,,
petal_05s,0,0,0,0,1,,
petal_06s,0,0,0,0,1,,
petal_07s,0,0,0,0,1,,
petal_08s,0,0,0,0,0,,
petal_09s,0,0,0,0,1,,
petal_10s,0,0,0,0,1,,
petal_11s,0,0,0,0,0,,
petal_12s,0,0,0,0,0,,
phone_01b,0,0,0,0,0,,
phone_02s,0,0,1,1,0,,
phone_03s,0,0,1,1,0,,
phone_04s,0,0,1,1,0,,
phone_05s,0,0,1,1,0,,
phone_06s,0,0,1,1,0,,
phone_07s,0,0,1,1,0,,
phone_08s,0,0,0,0,1,,
phone_09s,0,0,1,0,0,,
phone_10s,0,0,1,0,0,,
phone_11s,0,0,1,1,0,,
phone_12s,0,0,1,1,0,,
piano_01b,0,0,0,0,0,,
piano_02n,0,0,0,0,0,,
piano_03n,0,0,0,0,0,,
piano_04n,0,0,0,0,0,,
piano_05n,0,0,1,0,0,,
piano_06n,0,0,0,0,0,,
piano_07n,0,0,0,0,0,,
piano_08n,0,0,0,0,0,,
piano_09n,0,0,0,0,0,,
piano_10n,0,0,1,0,0,,
piano_11n,0,0,1,0,0,,
piano_12n,0,0,1,0,0,,
pickle_01b,0,0,0,0,0,,
pickle_02s,0,0,0,0,1,,
pickle_03s,0,0,0,0,1,,
pickle_04s,0,0,0,0,0,,
pickle_05s,0,0,0,0,1,,
pickle_06n,0,0,1,0,1,,
pickle_07s,0,0,0,0,1,,
pickle_08s,0,0,0,0,1,,
pickle_09s,0,0,0,0,1,,
pickle_10n,0,0,0,0,1,,
pickle_11s,0,0,0,0,1,,
pickle_12s,0,0,0,0,1,,
pie_01b,0,0,0,0,0,,
pie_02s,0,0,0,0,0,,
pie_03s,0,0,0,0,0,,
pie_04s,0,0,0,0,0,,
pie_05s,0,0,0,0,0,,
pie_06s,0,0,0,0,0,,
pie_07s,0,0,0,0,0,,
pie_08s,0,0,0,0,0,,
pie_09s,0,0,0,0,0,,
pie_10s,0,0,0,0,0,,
pie_11s,0,0,0,0,0,,
pie_12s,0,0,0,0,0,,
pig_01b,1,1,0,0,0,0,0
pig_02s,1,1,0,0,1,0,0
pig_03s,1,1,0,0,0,0,0
pig_04s,1,1,0,0,0,0,0
pig_05s,1,1,0,0,0,0,0
pig_06s,1,1,0,0,0,0,0
pig_07s,1,1,0,0,0,0,0
pig_08n,1,1,0,0,1,0,0
pig_09s,1,1,0,0,1,0,0
pig_10s,1,1,0,0,1,0,0
pig_11s,1,1,0,0,0,0,0
pig_12s,1,1,0,0,0,0,0
pigeon_01b,0,0,0,0,0,,
pigeon_02s,0,0,0,0,0,,
pigeon_03s,0,0,0,0,0,,
pigeon_04s,0,0,0,0,0,,
pigeon_05s,0,0,0,0,0,,
pigeon_06s,0,0,0,0,0,,
pigeon_07s,0,0,0,0,0,,
pigeon_08s,0,0,0,0,0,,
pigeon_09s,0,0,0,0,0,,
pigeon_10s,0,0,0,0,0,,
pigeon_11s,0,0,0,0,0,,
pigeon_12s,0,0,0,0,0,,
pill_01b,0,0,0,0,1,,
pill_02s,0,0,0,0,1,,
pill_03s,0,0,1,0,1,,
pill_04s,0,1,0,0,1,1,0
pill_05s,0,1,0,0,1,1,0
pill_06s,0,0,0,0,1,,
pill_07s,0,0,0,0,1,,
pill_08s,0,0,0,0,1,,
pill_09s,0,0,1,0,1,,
pill_10s,0,0,0,0,1,,
pill_11s,0,0,1,0,0,,
pill_12s,0,1,1,0,1,1,0
pillow_01b,0,0,0,0,0,,
pillow_02s,0,0,0,0,0,,
pillow_03s,0,0,0,0,0,,
pillow_04s,0,0,0,0,0,,
pillow_05s,0,0,0,0,0,,
pillow_06s,0,0,0,0,0,,
pillow_07s,0,0,0,0,0,,
pillow_08s,0,0,0,0,0,,
pillow_09s,0,0,1,0,0,,
pillow_10s,0,0,0,0,0,,
pillow_11s,0,0,0,0,0,,
pillow_12s,0,0,0,0,0,,
pineapple_01b,0,0,0,0,0,,
pineapple_02n,0,0,0,0,0,,
pineapple_03n,0,0,0,0,0,,
pineapple_04s,0,0,0,0,0,,
pineapple_05s,0,0,0,0,1,,
pineapple_06s,0,0,0,0,0,,
pineapple_07s,0,0,0,0,0,,
pineapple_08s,0,0,0,0,1,,
pineapple_09s,0,0,0,0,1,,
pineapple_10s,0,0,0,0,0,,
pineapple_11s,0,0,0,0,1,,
pineapple_12s,0,1,0,0,0,1,0
ping-pong_table_01b,0,0,0,0,0,,
ping-pong_table_02s,0,0,0,0,0,,
ping-pong_table_03s,0,0,0,0,1,,
ping-pong_table_04s,0,0,0,0,1,,
ping-pong_table_05s,0,0,0,0,0,,
ping-pong_table_06s,0,0,1,0,0,,
ping-pong_table_07s,0,1,0,0,0,1,0
ping-pong_table_08s,0,0,0,0,0,,
ping-pong_table_09s,0,0,0,0,1,,
ping-pong_table_10s,0,0,0,0,0,,
ping-pong_table_11s,0,0,1,0,0,,
ping-pong_table_12s,0,0,0,0,0,,
pinwheel_01b,0,0,0,0,0,,
pinwheel_02s,0,0,0,0,0,,
pinwheel_03s,0,0,0,0,0,,
pinwheel_04s,0,0,0,1,0,,
pinwheel_05s,0,0,0,0,0,,
pinwheel_06s,0,0,0,0,0,,
pinwheel_07s,0,0,0,1,1,,
pinwheel_08s,0,0,0,0,0,,
pinwheel_09n,0,0,0,1,0,,
pinwheel_10s,0,0,0,0,1,,
pinwheel_11s,0,0,1,0,0,,
pinwheel_12s,0,0,0,0,0,,
pistachio_01b,0,0,0,0,1,,
pistachio_02s,0,0,0,0,1,,
pistachio_03s,0,0,0,0,1,,
pistachio_04s,0,0,0,0,1,,
pistachio_05s,0,0,0,0,1,,
pistachio_06n,0,0,0,0,1,,
pistachio_07n,0,0,0,0,1,,
pistachio_08n,0,0,0,0,1,,
pistachio_09n,0,0,0,0,1,,
pistachio_10s,0,0,0,0,1,,
pistachio_11s,0,0,0,0,1,,
pistachio_12s,0,0,0,0,1,,
pizza_01b,0,0,0,0,0,,
pizza_02s,0,0,0,0,0,,
pizza_03s,0,0,0,0,0,,
pizza_04s,0,0,0,0,0,,
pizza_05s,0,0,0,0,1,,
pizza_06s,0,0,0,0,0,,
pizza_07s,0,0,0,0,1,,
pizza_08s,0,0,0,0,1,,
pizza_09s,0,0,0,0,0,,
pizza_10s,0,0,0,0,0,,
pizza_11s,0,0,0,0,0,,
pizza_12s,0,0,0,0,0,,
plastic_film_01b,0,1,0,0,0,1,0
plastic_film_02s,0,1,0,0,0,1,0
plastic_film_03s,0,0,0,0,0,,
plastic_film_04s,0,0,0,0,0,,
plastic_film_05s,0,1,0,0,0,1,0
plastic_film_06s,0,1,0,0,0,1,0
plastic_film_07s,0,0,0,0,0,,
plastic_film_08s,0,0,0,0,0,,
plastic_film_09s,0,0,0,0,0,,
plastic_film_10s,0,1,0,0,0,1,0
plastic_film_11s,0,0,0,0,0,,
plastic_film_12s,0,0,0,0,0,,
plate_01b,0,0,0,1,0,,
plate_02s,0,0,0,0,0,,
plate_03s,0,0,0,0,1,,
plate_04s,0,0,0,0,0,,
plate_05s,0,0,0,1,0,,
plate_06s,0,0,0,0,0,,
plate_07s,0,0,1,0,0,,
plate_08s,0,0,0,1,0,,
plate_09s,0,0,0,0,0,,
plate_10s,0,0,0,0,0,,
plate_11s,0,0,0,0,0,,
plate_12s,0,0,0,0,0,,
platypus_01b,1,1,0,0,0,0,0
platypus_02s,1,1,0,0,0,0,0
platypus_03s,1,1,0,0,0,0,0
platypus_04s,0,1,0,0,0,0,0
platypus_05s,1,1,0,0,0,0,0
platypus_06s,1,1,0,0,0,0,0
platypus_07s,1,1,0,0,0,0,0
platypus_08s,1,1,0,0,0,0,0
platypus_09s,1,1,0,0,0,0,0
platypus_10n,1,1,0,0,0,1,0
platypus_11s,1,1,0,0,0,0,0
platypus_12s,1,1,0,0,0,0,0
playing_card_01b,1,1,1,1,1,0,0
playing_card_02s,1,1,1,1,1,0,0
playing_card_03s,1,0,1,1,1,0,0
playing_card_04s,0,0,1,1,1,,
playing_card_05s,0,0,1,1,1,,
playing_card_06s,1,1,1,1,1,0,0
playing_card_07s,0,0,1,1,0,,
playing_card_08s,1,1,1,1,1,1,0
playing_card_09s,1,1,1,1,1,0,0
playing_card_10s,1,1,1,1,1,0,0
playing_card_11s,1,1,1,1,1,0,0
playing_card_12s,1,1,1,1,1,0,0
pliers_01s,0,0,0,0,0,,
pliers_02s,0,0,1,0,0,,
pliers_03s,0,0,0,0,0,,
pliers_04s,0,0,0,0,1,,
pliers_05s,0,0,0,0,0,,
pliers_06s,0,0,0,0,1,,
pliers_07s,0,0,0,0,0,,
pliers_08s,0,0,0,0,1,,
pliers_09s,0,0,0,0,1,,
pliers_10s,0,0,0,0,1,,
pliers_11s,0,0,0,0,1,,
pliers_12s,0,0,0,0,0,,
plum_01b,0,0,0,0,1,,
plum_02s,0,0,0,0,1,,
plum_03s,0,0,0,0,1,,
plum_04s,0,0,0,0,1,,
plum_05n,0,0,0,0,1,,
plum_06s,0,0,0,0,1,,
plum_07n,0,0,0,0,1,,
plum_08s,0,0,0,0,1,,
plum_09s,0,0,0,0,1,,
plum_10s,0,0,0,0,1,,
plum_11n,0,0,0,0,1,,
plum_12s,0,0,0,0,1,,
pocket_01b,0,0,0,0,0,,
pocket_02s,0,0,0,0,0,,
pocket_03s,0,0,0,0,0,,
pocket_04s,0,0,0,0,0,,
pocket_05s,0,0,0,0,0,,
pocket_06s,0,0,0,0,0,,
pocket_07s,0,1,0,0,0,1,0
pocket_08s,0,0,0,0,0,,
pocket_09s,0,0,0,0,0,,
pocket_10s,0,0,0,0,0,,
pocket_11s,0,0,0,0,0,,
pocket_12s,0,0,0,0,0,,
pocketknife_01b,0,0,1,1,0,,
pocketknife_02s,0,0,0,0,0,,
pocketknife_03s,0,0,1,0,0,,
pocketknife_04s,0,0,0,0,1,,
pocketknife_05s,0,0,1,0,0,,
pocketknife_06s,0,0,1,0,0,,
pocketknife_07s,1,0,1,0,0,0,0
pocketknife_08s,0,0,0,0,0,,
pocketknife_09s,0,0,1,0,0,,
pocketknife_10s,0,0,1,0,0,,
pocketknife_11s,0,0,0,0,0,,
pocketknife_12s,0,0,1,0,0,,
pogo_stick_01s,0,1,0,0,0,1,0
pogo_stick_02s,1,1,0,0,0,1,0
pogo_stick_03s,1,1,0,0,0,1,0
pogo_stick_04s,1,1,0,0,0,1,0
pogo_stick_05s,1,1,0,0,0,1,0
pogo_stick_06s,1,1,0,0,0,1,0
pogo_stick_07s,0,0,0,0,0,,
pogo_stick_08s,1,1,1,0,0,1,0
pogo_stick_09s,1,1,0,0,0,1,0
pogo_stick_10s,1,1,1,0,0,1,0
pogo_stick_11s,1,1,1,0,0,1,0
pogo_stick_12s,1,1,1,0,0,1,0
polaroid_01b,0,0,0,0,1,,
polaroid_02s,0,1,1,0,1,0,0
polaroid_03s,0,0,0,0,1,,
polaroid_04s,0,0,0,0,1,,
polaroid_05s,0,1,0,0,1,0,0
polaroid_06s,0,0,0,0,1,,
polaroid_07s,0,1,0,0,1,0,0
polaroid_08s,0,0,0,0,1,,
polaroid_09s,0,1,0,0,1,0,0
polaroid_10s,1,1,0,0,1,0,0
polaroid_11s,0,0,0,0,1,,
polaroid_12s,0,0,0,1,0,,
pom-pom_01b,0,0,0,0,1,,
pom-pom_02s,0,0,0,0,1,,
pom-pom_03s,0,0,0,0,1,,
pom-pom_04s,0,0,0,0,1,,
pom-pom_05s,0,0,0,0,1,,
pom-pom_06s,0,0,0,0,1,,
pom-pom_07s,0,0,0,0,1,,
pom-pom_08s,0,0,0,0,1,,
pom-pom_09s,0,0,0,0,1,,
pom-pom_10s,0,0,0,0,1,,
pom-pom_11s,0,0,0,0,1,,
pom-pom_12s,0,0,0,0,1,,
pomegranate_01b,0,0,0,0,0,,
pomegranate_02s,0,0,0,0,0,,
pomegranate_03s,0,0,0,0,0,,
pomegranate_04s,0,0,0,0,0,,
pomegranate_05s,0,0,0,0,0,,
pomegranate_06s,0,0,0,0,1,,
pomegranate_07s,0,1,0,0,0,1,0
pomegranate_08s,0,0,0,0,0,,
pomegranate_09s,0,0,0,0,1,,
pomegranate_10n,0,0,0,0,0,,
pomegranate_11n,0,0,0,0,0,,
pomegranate_12s,0,0,0,0,0,,
popcorn_01b,0,0,0,0,0,,
popcorn_02n,0,0,0,0,0,,
popcorn_03s,0,0,0,0,0,,
popcorn_04s,0,0,0,0,0,,
popcorn_05s,0,0,0,0,0,,
popcorn_06s,0,0,0,0,0,,
popcorn_07s,0,0,0,0,0,,
popcorn_08s,0,0,0,0,0,,
popcorn_09s,0,0,0,0,0,,
popcorn_10s,0,0,0,0,0,,
popcorn_11s,0,0,0,0,0,,
popcorn_12n,0,0,0,0,0,,
popsicle_01b,0,0,0,0,1,,
popsicle_02s,0,0,0,0,1,,
popsicle_03s,0,0,0,0,0,,
popsicle_04s,0,0,0,0,1,,
popsicle_05s,0,0,0,0,0,,
popsicle_06s,0,0,0,0,1,,
popsicle_07s,0,0,0,0,1,,
popsicle_08s,0,0,0,0,1,,
popsicle_09s,0,0,0,0,1,,
popsicle_10s,0,0,0,0,1,,
popsicle_11s,0,0,0,0,1,,
popsicle_12s,0,0,0,0,1,,
porcupine_01b,1,1,0,0,0,0,0
porcupine_02s,1,1,0,0,0,0,0
porcupine_03s,1,1,0,0,0,0,0
porcupine_04s,1,1,0,0,0,0,0
porcupine_05s,0,0,0,0,0,,
porcupine_06s,1,1,0,0,0,0,0
porcupine_07s,1,1,0,0,0,0,0
porcupine_08s,1,1,0,0,0,0,0
porcupine_09s,1,1,0,0,0,0,0
porcupine_10s,1,1,0,0,0,0,0
porcupine_11s,1,1,0,0,0,0,0
porcupine_12s,1,1,0,0,0,0,0
possum_01b,1,1,0,0,0,0,0
possum_02s,1,1,0,0,0,0,0
possum_03s,1,1,0,0,0,0,0
possum_04s,1,1,0,0,0,0,0
possum_05s,1,1,0,0,0,0,0
possum_06s,1,1,0,0,0,0,0
possum_07s,1,1,0,0,0,0,0
possum_08s,1,1,0,0,0,0,0
possum_09s,1,1,0,0,0,0,0
possum_10s,1,1,0,0,0,0,0
possum_11s,1,1,0,0,0,0,0
possum_12s,1,1,0,0,0,0,0
poster_01s,1,1,1,0,1,0,0
poster_02s,1,1,1,0,1,0,0
poster_03s,1,1,1,0,1,0,0
poster_04s,1,1,1,0,1,0,0
poster_05s,1,1,1,0,1,0,0
poster_06s,1,1,1,1,1,0,0
poster_07s,1,1,1,1,1,0,0
poster_08s,0,0,0,0,1,,
poster_09s,1,1,1,1,1,0,0
poster_10s,1,1,1,1,1,0,0
poster_11s,1,1,1,1,1,0,0
poster_12s,1,1,1,1,1,0,0
pot_01b,0,0,0,0,0,,
pot_02s,0,0,0,0,0,,
pot_03s,0,0,0,0,0,,
pot_04s,0,0,0,0,0,,
pot_05s,0,0,0,0,0,,
pot_06s,0,0,0,0,0,,
pot_07s,0,0,0,0,0,,
pot_08s,0,0,0,0,0,,
pot_09s,0,0,0,0,0,,
pot_10s,0,0,0,0,0,,
pot_11s,0,0,1,0,0,,
pot_12s,0,0,0,0,0,,
potato_01b,0,0,0,0,1,,
potato_02n,0,0,0,0,1,,
potato_03n,0,0,0,0,1,,
potato_04s,0,0,0,0,1,,
potato_05n,0,0,0,0,1,,
potato_06n,0,0,0,0,1,,
potato_07s,0,0,0,0,1,,
potato_08s,0,0,0,0,1,,
potato_09s,0,0,0,0,1,,
potato_10s,0,0,0,0,1,,
potato_11s,0,0,0,0,1,,
potato_12s,0,0,0,0,1,,
pothole_01b,0,0,0,0,0,,
pothole_02s,0,0,0,0,0,,
pothole_03n,0,0,0,0,0,,
pothole_04n,0,0,0,1,0,,
pothole_05s,0,0,0,0,0,,
pothole_06s,0,0,0,0,0,,
pothole_07s,0,0,0,0,0,,
pothole_08s,0,0,0,0,0,,
pothole_09s,0,0,0,0,0,,
pothole_10n,0,0,0,0,0,,
pothole_11s,0,0,0,0,0,,
pothole_12n,0,0,0,0,0,,
powder_01b,0,0,0,0,0,,
powder_02s,0,0,0,0,0,,
powder_03s,0,0,0,0,0,,
powder_04s,1,0,0,0,0,1,0
powder_05s,0,0,0,0,0,,
powder_06s,0,0,0,0,0,,
powder_07s,0,0,0,0,1,,
powder_08s,0,0,0,0,0,,
powder_09s,0,1,0,0,0,1,0
powder_10s,0,0,0,0,1,,
powder_11s,0,0,0,0,0,,
powder_12s,0,0,0,0,0,,
praying_mantis_01b,0,0,0,0,0,,
praying_mantis_02s,0,1,0,0,0,1,0
praying_mantis_03s,0,0,0,0,0,,
praying_mantis_04s,0,0,0,0,0,,
praying_mantis_05s,0,0,0,0,0,,
praying_mantis_06s,0,0,0,0,0,,
praying_mantis_07s,0,0,0,0,0,,
praying_mantis_08s,0,0,0,0,0,,
praying_mantis_09s,0,0,0,0,0,,
praying_mantis_10s,0,0,0,0,0,,
praying_mantis_11s,0,0,0,0,0,,
praying_mantis_12s,0,0,0,0,0,,
pretzel_01b,0,0,0,0,0,,
pretzel_02s,0,0,0,0,0,,
pretzel_03s,0,0,0,0,0,,
pretzel_04s,0,0,0,0,0,,
pretzel_05s,0,0,0,0,0,,
pretzel_06s,0,0,0,0,0,,
pretzel_07s,0,0,0,0,0,,
pretzel_08s,0,0,0,0,0,,
pretzel_09s,0,0,0,0,0,,
pretzel_10s,0,0,0,0,0,,
pretzel_11s,0,0,0,0,0,,
pretzel_12s,0,0,0,0,0,,
prism_01b,0,0,0,0,0,,
prism_02s,0,0,1,0,0,,
prism_03s,0,0,0,0,0,,
prism_04s,0,1,0,0,0,1,0
prism_05s,0,1,1,0,0,1,0
prism_06s,0,0,0,0,0,,
prism_07s,0,1,0,0,0,1,0
prism_08s,0,0,0,0,0,,
prism_09s,0,1,0,0,0,1,0
prism_10s,0,0,0,0,0,,
prism_11s,0,1,0,0,0,1,0
prism_12s,0,1,0,0,0,1,0
projector_01b,0,0,1,0,0,,
projector_02s,0,0,1,0,0,,
projector_03s,0,0,1,0,0,,
projector_04s,0,0,1,0,0,,
projector_05s,0,0,1,0,0,,
projector_06s,0,0,1,0,0,,
projector_07n,0,0,0,0,0,,
projector_08s,0,0,1,0,0,,
projector_09s,0,0,1,0,0,,
projector_10s,0,0,1,0,0,,
projector_11s,0,0,1,0,0,,
projector_12s,0,0,1,0,0,,
puck_01b,0,0,1,1,0,,
puck_02s,0,0,0,0,1,,
puck_03s,0,0,1,0,0,,
puck_04s,0,0,0,0,0,,
puck_05s,0,0,0,0,0,,
puck_06s,0,0,0,0,0,,
puck_07s,0,0,0,0,0,,
puck_08s,0,0,1,0,1,,
puck_09s,0,0,0,0,0,,
puck_10s,0,0,0,0,0,,
puck_11s,0,0,1,1,1,,
puck_12s,0,0,0,0,0,,
pudding_01b,0,0,0,0,0,,
pudding_02s,0,0,0,0,0,,
pudding_03s,0,0,0,0,0,,
pudding_04s,0,0,0,0,1,,
pudding_05s,0,0,0,0,0,,
pudding_06s,0,0,0,0,0,,
pudding_07s,0,0,0,0,0,,
pudding_08s,0,0,0,0,0,,
pudding_09s,0,0,0,0,0,,
pudding_10s,0,0,0,0,0,,
pudding_11s,0,0,0,0,0,,
pudding_12s,0,0,0,0,0,,
pumpkin_01b,0,0,0,0,1,,
pumpkin_02s,0,0,0,0,1,,
pumpkin_03s,0,0,0,0,1,,
pumpkin_04s,0,0,0,0,1,,
pumpkin_05s,0,0,0,0,0,,
pumpkin_06s,0,0,0,0,1,,
pumpkin_07s,0,0,0,0,1,,
pumpkin_08s,0,0,0,0,1,,
pumpkin_09s,0,0,0,0,1,,
pumpkin_10s,0,0,0,0,1,,
pumpkin_11s,0,0,0,0,1,,
pumpkin_12s,0,0,0,0,0,,
punch1_01s,0,0,0,0,0,,
punch1_02s,0,0,0,0,0,,
punch1_03s,0,0,0,0,0,,
punch1_04s,0,0,0,0,0,,
punch1_05s,0,0,0,0,1,,
punch1_06s,0,0,0,0,1,,
punch1_07s,0,0,0,0,1,,
punch1_08s,0,0,0,0,0,,
punch1_09s,0,0,0,0,1,,
punch1_10s,0,0,0,0,0,,
punch1_11s,0,0,0,0,0,,
punch1_12s,0,0,0,0,1,,
punching_bag_01b,0,0,1,0,0,,
punching_bag_02s,0,0,1,0,0,,
punching_bag_03s,0,0,0,0,0,,
punching_bag_04s,0,0,1,0,0,,
punching_bag_05s,0,0,1,0,0,,
punching_bag_06s,0,0,0,0,0,,
punching_bag_07s,0,0,1,0,0,,
punching_bag_08s,0,0,1,0,0,,
punching_bag_09s,0,0,0,0,1,,
punching_bag_10s,0,0,0,0,0,,
punching_bag_11s,0,0,0,0,1,,
punching_bag_12s,0,0,1,0,0,,
quill_01b,0,0,0,0,0,,
quill_02s,0,1,1,0,0,1,0
quill_03s,0,0,0,0,0,,
quill_04s,0,0,0,0,0,,
quill_05s,0,0,0,0,1,,
quill_06s,0,0,0,0,0,,
quill_07s,0,0,1,0,1,,
quill_08s,0,0,0,0,0,,
quill_09s,0,0,0,0,0,,
quill_10s,0,0,1,0,1,,
quill_11s,0,0,1,0,0,,
quill_12s,0,0,0,0,0,,
rabbit_01b,1,1,0,0,0,0,0
rabbit_02s,1,1,0,0,0,0,0
rabbit_03s,1,1,0,0,0,0,0
rabbit_04n,1,1,0,0,0,0,0
rabbit_05s,1,1,0,0,0,0,0
rabbit_06s,1,1,0,0,0,0,0
rabbit_07s,1,1,0,0,0,0,0
rabbit_08s,1,1,0,0,0,0,0
rabbit_09s,1,1,0,1,0,0,0
rabbit_10n,1,1,0,0,0,0,0
rabbit_11s,1,1,0,0,0,0,0
rabbit_12n,1,1,0,0,0,0,0
raccoon_01b,1,1,0,0,0,0,0
raccoon_02s,1,1,0,0,0,0,0
raccoon_03s,1,1,0,0,0,0,0
raccoon_04n,1,1,0,0,0,0,0
raccoon_05s,1,1,0,0,0,0,0
raccoon_06n,1,1,0,0,0,0,0
raccoon_07n,1,1,0,0,0,0,0
raccoon_08n,1,1,0,0,0,0,0
raccoon_09s,1,1,0,0,1,0,0
raccoon_10s,1,1,0,0,0,0,0
raccoon_11s,1,1,0,0,0,0,0
raccoon_12n,1,1,0,0,0,0,0
racket_01b,0,1,1,0,0,1,0
racket_02s,0,0,1,0,0,,
racket_03s,0,0,1,1,0,,
racket_04s,0,0,1,0,0,,
racket_05s,0,0,1,0,0,,
racket_06s,0,0,0,0,0,,
racket_07s,0,0,0,0,0,,
racket_08s,0,0,0,0,0,,
racket_09s,0,0,1,0,0,,
racket_10s,0,0,1,0,0,,
racket_11s,0,0,0,1,0,,
racket_12s,0,0,1,0,0,,
radiator_01b,0,0,0,0,0,,
radiator_02n,0,0,0,0,0,,
radiator_03s,0,0,0,0,0,,
radiator_04s,0,0,0,0,0,,
radiator_05s,0,0,0,0,0,,
radiator_06s,0,0,0,0,0,,
radiator_07s,0,0,0,0,0,,
radiator_08n,0,0,0,0,0,,
radiator_09s,0,0,0,0,0,,
radiator_10s,0,0,0,0,0,,
radiator_11s,0,0,0,0,0,,
radiator_12s,0,0,0,0,0,,
radish_01b,0,0,0,0,1,,
radish_02s,0,0,0,0,1,,
radish_03n,0,0,0,0,1,,
radish_04n,0,0,0,0,0,,
radish_05s,0,0,0,0,1,,
radish_06n,0,0,0,0,1,,
radish_07s,0,0,0,0,1,,
radish_08n,0,0,0,0,1,,
radish_09s,0,0,0,0,1,,
radish_10s,0,0,0,0,1,,
radish_11s,0,0,0,0,1,,
radish_12s,0,0,0,0,1,,
raft_01b,1,1,1,0,0,1,0
raft_02s,0,0,1,0,0,,
raft_03s,0,0,1,0,0,,
raft_04s,0,0,1,0,0,,
raft_05s,0,0,0,0,0,,
raft_06s,0,0,1,0,0,,
raft_07s,0,0,0,0,0,,
raft_08s,0,0,0,0,0,,
raft_09s,0,0,1,0,0,,
raft_10s,0,0,0,0,0,,
raft_11s,1,1,1,0,0,1,0
raft_12s,0,0,0,0,0,,
railing_01b,0,0,0,0,0,,
railing_02s,0,0,0,0,0,,
railing_03s,0,0,0,0,0,,
railing_04s,0,0,0,0,0,,
railing_05s,0,0,0,0,0,,
railing_06s,0,0,0,0,0,,
railing_07s,0,0,0,0,0,,
railing_08s,0,0,0,0,0,,
railing_09s,0,0,0,0,0,,
railing_10s,0,0,0,0,0,,
railing_11s,0,0,0,0,0,,
railing_12s,0,0,0,0,0,,
raspberry_01b,0,0,0,0,1,,
raspberry_02n,0,0,0,0,1,,
raspberry_03n,0,1,0,0,0,1,0
raspberry_04s,0,0,0,0,1,,
raspberry_05s,0,0,0,0,1,,
raspberry_06s,0,1,0,0,1,1,0
raspberry_07s,0,0,0,0,1,,
raspberry_08s,0,0,0,0,1,,
raspberry_09s,0,1,0,0,1,1,0
raspberry_10n,0,0,0,0,0,,
raspberry_11s,0,1,0,0,1,1,0
raspberry_12s,0,1,0,0,1,1,0
rat_01b,1,1,0,0,0,0,0
rat_02s,1,1,0,0,1,0,0
rat_03s,1,1,0,0,0,0,0
rat_04s,1,1,0,0,1,0,0
rat_05s,1,1,0,0,0,0,0
rat_06s,1,1,0,0,0,0,0
rat_07s,1,1,0,0,0,0,0
rat_08s,1,1,0,0,0,0,0
rat_09s,1,1,0,0,1,0,0
rat_10s,1,1,0,0,1,0,0
rat_11s,1,1,0,0,0,0,0
rat_12s,1,1,0,0,0,0,0
rattle_01b,1,1,0,0,1,1,0
rattle_02s,0,0,0,1,0,,
rattle_03s,0,0,0,0,0,,
rattle_04s,0,1,0,0,0,1,0
rattle_05s,0,0,0,0,0,,
rattle_06s,0,0,0,0,0,,
rattle_07s,0,1,0,0,0,1,0
rattle_08s,0,0,0,0,1,,
rattle_09s,0,0,0,0,0,,
rattle_10s,0,0,0,0,1,,
rattle_11s,0,0,0,0,1,,
rattle_12s,0,0,0,0,1,,
razor_01b,0,0,0,0,0,,
razor_02s,0,0,0,0,1,,
razor_03s,0,0,0,1,0,,
razor_04n,0,0,0,0,0,,
razor_05s,0,0,0,0,1,,
razor_06s,0,0,0,0,1,,
razor_07s,0,0,0,0,0,,
razor_08s,0,0,0,0,0,,
razor_09s,0,0,0,0,0,,
razor_10s,0,1,0,0,0,1,0
razor_11n,0,0,0,0,0,,
razor_12s,0,0,0,0,1,,
ready_meal_01b,0,0,0,0,0,,
ready_meal_02s,0,0,0,0,0,,
ready_meal_03s,0,0,0,0,0,,
ready_meal_04s,0,0,0,0,0,,
ready_meal_05s,0,0,0,0,1,,
ready_meal_06s,0,0,0,0,0,,
ready_meal_07s,0,0,0,0,0,,
ready_meal_08s,0,0,0,0,0,,
ready_meal_09s,0,0,0,0,0,,
ready_meal_10s,1,1,0,0,0,1,0
ready_meal_11s,0,0,0,0,1,,
ready_meal_12s,0,0,0,0,0,,
record_01b,0,0,1,0,0,,
record_02s,0,1,0,0,0,1,0
record_03s,0,0,1,0,0,,
record_04s,0,0,1,0,0,,
record_05s,0,0,1,0,0,,
record_06s,0,0,1,0,1,,
record_07s,0,0,1,0,0,,
record_08s,0,0,1,0,1,,
record_09s,0,0,1,0,0,,
record_10s,0,0,1,0,0,,
record_11s,0,0,1,0,0,,
record_12s,0,0,1,0,0,,
refrigerator_01b,0,0,0,0,0,,
refrigerator_02s,0,0,0,0,0,,
refrigerator_03s,0,0,0,0,0,,
refrigerator_04s,0,0,0,0,0,,
refrigerator_05s,0,0,0,0,0,,
refrigerator_06s,0,0,0,0,0,,
refrigerator_07s,0,0,0,0,0,,
refrigerator_08s,0,0,0,0,1,,
refrigerator_09s,0,0,0,0,0,,
refrigerator_10s,0,0,0,0,0,,
refrigerator_11s,0,0,0,0,0,,
refrigerator_12s,0,0,1,0,0,,
retainer_01b,0,0,0,0,1,,
retainer_02s,0,0,0,0,1,,
retainer_03s,1,1,0,0,1,1,0
retainer_04s,0,0,0,0,1,,
retainer_05s,0,0,0,0,0,,
retainer_06s,0,0,0,0,1,,
retainer_07s,0,0,0,0,0,,
retainer_08s,0,0,0,0,0,,
retainer_09s,0,0,0,0,0,,
retainer_10s,0,1,0,0,0,1,0
retainer_11s,0,1,0,0,0,1,0
retainer_12s,0,0,0,0,0,,
revolver_01s,0,0,1,0,1,,
revolver_02s,0,1,0,0,0,1,0
revolver_03s,0,0,0,0,1,,
revolver_04s,0,0,0,0,0,,
revolver_05s,0,0,1,1,0,,
revolver_06s,0,0,0,0,1,,
revolver_07s,0,0,0,0,0,,
revolver_08s,0,0,1,0,0,,
revolver_09s,0,0,1,0,0,,
revolver_10s,0,0,0,0,0,,
revolver_11s,0,0,1,0,0,,
revolver_12s,0,0,0,0,0,,
rhinoceros_01b,1,1,0,0,0,0,0
rhinoceros_02s,1,1,0,0,0,0,0
rhinoceros_03s,1,1,0,0,0,0,0
rhinoceros_04s,1,1,0,0,0,0,0
rhinoceros_05s,1,1,0,0,0,0,0
rhinoceros_06s,1,1,0,0,0,0,0
rhinoceros_07s,1,1,0,0,0,0,0
rhinoceros_08s,1,1,0,0,0,0,0
rhinoceros_09s,1,1,0,0,0,0,0
rhinoceros_10s,1,1,0,0,0,0,0
rhinoceros_11s,1,1,0,0,0,0,0
rhinoceros_12s,1,1,0,0,0,0,0
rhubarb_01b,0,0,0,0,1,,
rhubarb_02n,0,0,0,0,1,,
rhubarb_03s,0,0,0,0,1,,
rhubarb_04s,0,0,0,0,1,,
rhubarb_05s,0,0,0,0,1,,
rhubarb_06s,0,0,0,0,1,,
rhubarb_07n,0,0,0,0,1,,
rhubarb_08s,0,0,0,0,1,,
rhubarb_09n,0,0,0,0,1,,
rhubarb_10n,0,0,0,0,1,,
rhubarb_11n,0,0,0,0,1,,
rhubarb_12s,0,0,0,0,1,,
ribbon_01b,0,0,0,0,0,,
ribbon_02s,0,0,0,0,1,,
ribbon_03s,0,0,0,0,1,,
ribbon_04s,0,0,0,0,0,,
ribbon_05s,0,0,0,0,0,,
ribbon_06s,0,0,0,0,0,,
ribbon_07s,0,0,0,0,0,,
ribbon_08s,0,0,0,0,1,,
ribbon_09s,0,0,0,0,1,,
ribbon_10s,0,0,0,0,1,,
ribbon_11s,0,0,0,0,0,,
ribbon_12s,0,0,0,0,0,,
rice_01b,0,0,0,0,0,,
rice_02s,0,0,0,0,0,,
rice_03s,0,0,0,0,0,,
rice_04s,0,0,0,0,0,,
rice_05s,0,0,0,0,0,,
rice_06s,0,0,0,0,0,,
rice_07s,0,0,0,0,0,,
rice_08s,0,0,0,0,0,,
rice_09s,0,0,0,0,0,,
rice_10s,0,0,0,0,0,,
rice_11s,0,0,0,0,0,,
rice_12s,0,0,0,0,0,,
rifle_01s,0,0,0,0,0,,
rifle_02n,0,0,0,0,0,,
rifle_03n,0,0,0,0,0,,
rifle_04n,0,0,0,0,0,,
rifle_05s,0,0,0,0,0,,
rifle_06s,0,0,0,0,0,,
rifle_07n,0,0,0,0,1,,
rifle_08s,0,0,0,0,0,,
rifle_09s,1,1,0,0,0,1,0
rifle_10n,0,0,0,0,1,,
rifle_11s,0,0,0,0,0,,
rifle_12n,0,0,0,0,1,,
ring_01b,0,0,0,0,0,,
ring_02s,0,1,0,0,0,1,0
ring_03s,0,0,0,0,0,,
ring_04s,0,0,0,0,0,,
ring_05s,0,0,0,0,0,,
ring_06s,0,0,0,0,0,,
ring_07s,0,0,0,0,0,,
ring_08s,0,0,0,0,0,,
ring_09s,0,0,0,0,0,,
ring_10s,0,0,0,0,0,,
ring_11s,0,0,0,0,0,,
ring_12s,0,0,0,0,0,,
road_sign_01b,0,0,1,1,0,,
road_sign_02s,0,0,1,1,0,,
road_sign_03s,0,0,1,1,0,,
road_sign_04s,0,0,1,1,0,,
road_sign_05s,0,0,0,1,0,,
road_sign_06s,0,0,1,1,0,,
road_sign_07s,0,0,0,1,0,,
road_sign_08s,0,0,1,1,1,,
road_sign_09s,0,0,1,1,0,,
road_sign_10s,0,0,0,1,0,,
road_sign_11s,0,0,1,1,0,,
road_sign_12s,0,0,0,1,0,,
robot_01b,1,0,0,1,1,0,0
robot_02s,1,0,0,0,0,0,0
robot_03n,1,0,0,0,0,0,0
robot_04s,1,0,1,1,0,0,0
robot_05s,1,0,0,0,0,0,0
robot_06s,1,0,1,0,0,0,0
robot_07s,0,0,1,0,0,,
robot_08s,0,0,1,1,0,,
robot_09s,0,0,1,1,0,,
robot_10s,1,0,0,1,0,0,0
robot_11s,1,0,0,0,0,0,0
robot_12s,0,0,1,0,0,,
rocking_chair_01b,0,0,0,0,0,,
rocking_chair_02s,0,0,0,0,0,,
rocking_chair_03s,0,0,0,0,0,,
rocking_chair_04s,0,0,1,1,0,,
rocking_chair_05s,0,0,0,0,0,,
rocking_chair_06s,0,0,0,0,0,,
rocking_chair_07s,0,0,0,0,0,,
rocking_chair_08s,0,0,0,0,0,,
rocking_chair_09s,0,0,0,0,0,,
rocking_chair_10s,0,0,0,0,0,,
rocking_chair_11s,0,0,0,0,0,,
rocking_chair_12s,0,0,0,0,0,,
roll_01b,0,0,0,0,0,,
roll_02s,0,0,0,0,1,,
roll_03s,0,0,0,0,1,,
roll_04s,0,0,0,0,0,,
roll_05s,0,0,0,0,1,,
roll_06s,0,0,0,0,1,,
roll_07s,0,0,0,0,1,,
roll_08s,0,0,0,0,1,,
roll_09s,0,0,0,0,1,,
roll_10s,0,0,0,0,1,,
roll_11s,0,0,0,0,1,,
roll_12s,0,0,0,0,0,,
rollerblade_01b,0,0,1,1,0,,
rollerblade_02s,0,1,0,0,0,1,0
rollerblade_03s,0,0,1,1,0,,
rollerblade_04s,0,0,0,0,1,,
rollerblade_05s,0,1,0,0,0,1,0
rollerblade_06s,0,1,1,0,1,1,0
rollerblade_07s,0,0,1,0,0,,
rollerblade_08s,0,1,1,0,1,1,0
rollerblade_09s,0,1,0,0,1,1,0
rollerblade_10s,0,1,1,0,0,1,0
rollerblade_11s,0,1,0,0,1,1,0
rollerblade_12s,0,1,0,0,1,1,0
roof_rack_01b,0,0,0,0,0,,
roof_rack_02s,0,0,1,0,0,,
roof_rack_03s,0,0,0,0,0,,
roof_rack_04s,0,0,0,0,0,,
roof_rack_05s,0,0,0,0,0,,
roof_rack_06s,0,0,0,0,0,,
roof_rack_07s,0,0,0,0,0,,
roof_rack_08s,0,0,0,0,0,,
roof_rack_09s,0,0,0,1,0,,
roof_rack_10s,0,0,0,0,0,,
roof_rack_11s,0,0,0,0,0,,
roof_rack_12s,0,0,0,0,0,,
rug_01b,0,0,0,0,0,,
rug_02s,0,0,0,0,0,,
rug_03s,0,0,0,0,0,,
rug_04s,0,0,0,0,0,,
rug_05s,0,0,0,0,0,,
rug_06s,0,1,0,0,0,1,0
rug_07s,0,0,0,0,0,,
rug_08s,0,1,0,0,0,1,0
rug_09s,0,0,0,0,0,,
rug_10s,0,0,0,0,0,,
rug_11s,0,0,0,0,0,,
rug_12s,0,0,0,0,0,,
ruler_01b,0,0,1,0,0,,
ruler_02s,0,0,1,0,1,,
ruler_03s,0,0,1,0,1,,
ruler_04s,0,0,1,0,0,,
ruler_05s,0,0,1,0,1,,
ruler_06s,0,0,1,0,1,,
ruler_07s,0,0,1,0,1,,
ruler_08s,0,0,1,0,0,,
ruler_09s,0,0,1,0,0,,
ruler_10s,0,0,1,0,0,,
ruler_11s,0,0,1,0,1,,
ruler_12s,0,0,1,0,1,,
saddle_01s,0,0,0,0,0,,
saddle_02s,0,0,0,0,0,,
saddle_03s,0,0,0,0,0,,
saddle_04s,0,0,0,0,0,,
saddle_05s,0,0,0,0,0,,
saddle_06s,0,0,0,0,0,,
saddle_07s,0,0,0,0,0,,
saddle_08s,0,0,0,0,0,,
saddle_09s,0,0,0,0,0,,
saddle_10s,0,0,0,0,0,,
saddle_11s,0,0,0,0,0,,
saddle_12s,0,0,0,0,0,,
saltshaker_01b,0,0,0,0,0,,
saltshaker_02s,0,0,0,1,0,,
saltshaker_03s,0,0,1,0,0,,
saltshaker_04s,0,0,0,0,0,,
saltshaker_05s,0,0,0,0,0,,
saltshaker_06s,0,0,0,0,0,,
saltshaker_07s,0,0,0,0,1,,
saltshaker_08s,0,0,0,0,1,,
saltshaker_09s,0,0,0,0,1,,
saltshaker_10s,0,0,0,0,1,,
saltshaker_11s,0,0,0,0,1,,
saltshaker_12s,0,0,0,0,0,,
sandpaper_01b,0,0,0,0,0,,
sandpaper_02s,0,0,0,0,0,,
sandpaper_03s,0,0,0,0,0,,
sandpaper_04s,0,0,0,0,1,,
sandpaper_05s,0,0,0,0,0,,
sandpaper_06s,0,0,0,0,1,,
sandpaper_07s,0,0,0,0,0,,
sandpaper_08s,0,0,0,1,0,,
sandpaper_09s,0,1,0,0,0,1,0
sandpaper_10s,0,0,1,0,0,,
sandpaper_11s,0,0,0,0,0,,
sandpaper_12s,0,1,0,0,0,1,0
satellite_dish_01b,0,0,0,1,0,,
satellite_dish_02s,0,0,0,0,0,,
satellite_dish_03s,0,0,0,0,0,,
satellite_dish_04s,0,0,0,1,0,,
satellite_dish_05s,0,0,0,0,0,,
satellite_dish_06s,0,0,0,0,0,,
satellite_dish_07s,0,0,0,0,0,,
satellite_dish_08s,0,0,0,0,0,,
satellite_dish_09s,0,0,0,0,0,,
satellite_dish_10s,0,0,0,0,0,,
satellite_dish_11s,0,0,0,0,0,,
satellite_dish_12s,0,0,0,0,0,,
scaffolding_01b,0,0,0,0,0,,
scaffolding_02s,0,0,0,0,0,,
scaffolding_03n,0,0,0,0,0,,
scaffolding_04s,0,0,0,0,0,,
scaffolding_05s,1,1,0,0,0,1,0
scaffolding_06s,0,0,0,0,0,,
scaffolding_07s,0,0,0,0,0,,
scaffolding_08s,0,0,0,0,0,,
scaffolding_09s,0,0,0,0,0,,
scaffolding_10s,0,0,0,0,0,,
scaffolding_11s,0,0,0,0,0,,
scaffolding_12n,0,0,0,0,0,,
scallion_01b,0,0,0,0,1,,
scallion_02s,0,0,0,0,1,,
scallion_03s,0,0,0,0,1,,
scallion_04s,0,0,0,0,1,,
scallion_05s,0,0,0,0,1,,
scallion_06s,0,0,0,0,1,,
scallion_07s,0,0,0,0,1,,
scallion_08s,0,0,0,0,1,,
scallion_09s,0,0,0,0,1,,
scallion_10s,0,0,1,0,1,,
scallion_11s,0,0,0,0,1,,
scallion_12s,0,0,0,0,1,,
scanner_01b,0,0,1,0,0,,
scanner_02s,0,0,0,0,0,,
scanner_03s,0,0,0,0,0,,
scanner_04s,0,0,1,1,0,,
scanner_05s,0,0,0,0,0,,
scanner_06s,0,0,1,0,0,,
scanner_07s,0,0,0,0,0,,
scanner_08s,0,0,1,0,0,,
scanner_09s,0,0,0,0,0,,
scanner_10s,0,0,0,0,0,,
scanner_11s,0,0,0,0,0,,
scanner_12s,0,0,0,0,0,,
scarecrow_01b,1,1,0,0,0,0,0
scarecrow_02s,1,1,0,0,0,0,0
scarecrow_03s,1,1,0,0,0,0,0
scarecrow_04s,1,1,0,0,0,0,0
scarecrow_05s,1,1,0,0,0,0,0
scarecrow_06s,1,1,0,0,0,0,0
scarecrow_07s,1,1,0,0,1,0,0
scarecrow_08s,1,1,0,0,1,0,0
scarecrow_09s,1,1,0,0,0,0,0
scarecrow_10s,1,1,0,0,1,0,0
scarecrow_11s,1,1,0,0,0,0,0
scarecrow_12s,1,1,0,0,0,0,0
scissors_01s,0,0,0,0,0,,
scissors_02s,0,0,0,0,0,,
scissors_03s,0,0,0,0,0,,
scissors_04s,0,1,0,0,0,1,0
scissors_05s,0,0,1,0,0,,
scissors_06s,0,0,0,0,0,,
scissors_07s,0,0,1,0,0,,
scissors_08s,0,0,0,0,1,,
scissors_09s,0,0,0,0,1,,
scissors_10s,0,0,0,0,1,,
scissors_11s,0,0,0,0,0,,
scissors_12s,0,0,0,0,1,,
scone_01b,0,0,0,0,1,,
scone_02s,0,0,0,0,1,,
scone_03s,0,0,0,0,0,,
scone_04s,0,0,0,0,0,,
scone_05s,0,0,0,0,1,,
scone_06s,0,0,0,0,1,,
scone_07s,0,0,0,0,1,,
scone_08s,0,0,0,0,1,,
scone_09s,0,0,0,0,1,,
scone_10s,0,0,0,0,1,,
scone_11s,0,0,0,0,1,,
scone_12s,0,0,0,0,1,,
scoreboard_01b,0,0,1,0,0,,
scoreboard_02s,0,0,1,1,0,,
scoreboard_03s,0,0,1,1,0,,
scoreboard_04s,0,0,1,1,0,,
scoreboard_05s,0,0,1,1,0,,
scoreboard_06s,0,0,1,1,0,,
scoreboard_07s,0,0,1,1,0,,
scoreboard_08s,0,0,1,0,0,,
scoreboard_09n,0,0,1,1,0,,
scoreboard_10n,0,0,1,0,0,,
scoreboard_11s,1,0,1,1,0,0,0
scoreboard_12s,0,0,1,1,0,,
scorpion_01b,0,0,0,0,0,,
scorpion_02s,0,0,0,0,0,,
scorpion_03n,0,0,0,0,0,,
scorpion_04s,0,0,0,0,0,,
scorpion_05s,0,0,0,0,0,,
scorpion_06s,0,0,0,0,0,,
scorpion_07s,0,0,0,0,0,,
scorpion_08s,0,0,0,0,0,,
scorpion_09s,0,0,0,0,0,,
scorpion_10s,0,0,0,0,0,,
scorpion_11n,0,0,0,0,0,,
scorpion_12s,0,0,0,0,0,,
screwdriver_01s,0,0,0,0,1,,
screwdriver_02s,0,0,0,0,1,,
screwdriver_03s,0,0,1,0,0,,
screwdriver_04s,0,0,1,0,0,,
screwdriver_05s,0,0,0,0,1,,
screwdriver_06s,0,0,0,0,1,,
screwdriver_07s,0,0,0,0,0,,
screwdriver_08s,0,0,0,0,0,,
screwdriver_09s,0,0,0,0,0,,
screwdriver_10s,0,0,0,0,1,,
screwdriver_11s,0,1,0,0,1,1,0
screwdriver_12s,0,0,0,0,1,,
sea_urchin_01b,0,0,0,0,0,,
sea_urchin_02s,0,0,0,0,0,,
sea_urchin_03s,0,0,0,0,0,,
sea_urchin_04s,0,0,0,0,0,,
sea_urchin_05s,0,0,0,0,0,,
sea_urchin_06s,0,0,0,0,0,,
sea_urchin_07s,0,0,0,0,0,,
sea_urchin_08s,0,0,0,0,0,,
sea_urchin_09s,0,0,0,0,0,,
sea_urchin_10s,0,0,0,0,0,,
sea_urchin_11s,0,0,0,0,0,,
sea_urchin_12s,0,0,0,0,0,,
seagull_01b,0,0,0,0,0,,
seagull_02s,0,0,0,0,0,,
seagull_03s,0,0,0,0,0,,
seagull_04s,0,0,0,0,0,,
seagull_05s,0,0,0,0,0,,
seagull_06s,0,0,0,0,0,,
seagull_07s,0,0,0,0,0,,
seagull_08s,0,0,0,0,0,,
seagull_09s,0,0,0,0,0,,
seagull_10s,0,0,0,0,0,,
seagull_11s,0,0,0,0,0,,
seagull_12s,0,0,0,0,0,,
seesaw_01b,0,0,0,0,0,,
seesaw_02s,0,0,0,0,0,,
seesaw_03s,0,0,0,0,0,,
seesaw_04s,0,0,0,0,0,,
seesaw_05s,0,0,0,0,0,,
seesaw_06s,0,0,0,0,0,,
seesaw_07s,1,1,0,0,0,1,0
seesaw_08s,0,0,0,0,0,,
seesaw_09s,0,0,0,0,0,,
seesaw_10s,0,0,0,0,0,,
seesaw_11s,1,1,0,0,0,1,0
seesaw_12s,0,1,0,0,0,1,0
sewing_kit_01b,0,0,1,0,0,,
sewing_kit_02s,0,0,0,0,1,,
sewing_kit_03s,0,0,0,0,1,,
sewing_kit_04s,0,0,1,0,1,,
sewing_kit_05s,0,0,0,0,1,,
sewing_kit_06s,0,0,1,1,0,,
sewing_kit_07s,0,0,0,0,1,,
sewing_kit_08s,0,0,0,0,1,,
sewing_kit_09s,0,0,0,0,1,,
sewing_kit_10s,0,1,0,0,0,1,0
sewing_kit_11s,0,0,0,0,1,,
sewing_kit_12s,0,0,0,0,0,,
shaving_cream_01b,0,0,0,0,0,,
shaving_cream_02s,0,0,0,0,0,,
shaving_cream_03s,0,1,1,0,0,1,0
shaving_cream_04s,0,1,1,0,0,1,0
shaving_cream_05s,0,1,0,0,0,1,0
shaving_cream_06s,0,1,0,0,0,1,0
shaving_cream_07s,0,1,0,0,0,1,0
shaving_cream_08s,0,0,0,0,0,,
shaving_cream_09s,0,1,0,0,0,1,0
shaving_cream_10s,0,1,1,0,0,1,0
shaving_cream_11s,0,0,0,0,0,,
shaving_cream_12s,0,1,1,0,0,1,0
sheep_01b,1,1,0,0,0,0,0
sheep_02s,1,1,0,0,0,0,0
sheep_03s,1,1,0,0,0,0,0
sheep_04n,1,1,0,0,1,0,0
sheep_05s,1,1,0,0,1,0,0
sheep_06s,1,1,0,0,0,0,0
sheep_07s,1,1,0,0,0,0,0
sheep_08s,1,1,0,0,0,0,0
sheep_09s,1,1,0,0,0,0,0
sheep_10s,1,1,0,0,0,0,0
sheep_11s,1,1,0,0,1,0,0
sheep_12s,1,1,0,0,0,0,0
shell2_01b,0,0,0,0,0,,
shell2_02s,0,0,0,0,0,,
shell2_03s,0,0,0,0,0,,
shell2_04s,0,0,0,0,0,,
shell2_05s,0,0,0,0,0,,
shell2_06s,0,0,0,0,0,,
shell2_07s,0,0,0,0,0,,
shell2_08s,0,1,0,0,1,1,0
shell2_09s,0,0,0,0,0,,
shell2_10s,0,0,0,0,0,,
shell2_11s,0,0,0,0,0,,
shell2_12s,0,0,0,0,1,,
shield_01b,0,0,0,1,0,,
shield_02s,0,0,0,0,1,,
shield_03n,0,0,0,1,0,,
shield_04s,0,0,0,0,0,,
shield_05s,0,0,0,0,0,,
shield_06s,0,0,0,0,0,,
shield_07s,0,0,0,0,0,,
shield_08n,0,0,0,1,0,,
shield_09s,0,0,1,1,0,,
shield_10s,0,0,0,0,0,,
shield_11s,0,0,0,0,0,,
shield_12s,0,0,0,0,0,,
ship_01b,0,0,0,0,0,,
ship_02s,0,0,0,0,0,,
ship_03s,0,0,0,0,0,,
ship_04s,0,0,0,0,0,,
ship_05s,0,0,0,0,0,,
ship_06s,0,0,1,0,0,,
ship_07s,0,0,0,0,0,,
ship_08s,0,0,1,0,0,,
ship_09s,0,0,0,0,0,,
ship_10s,0,0,0,0,0,,
ship_11s,0,0,0,0,0,,
ship_12s,0,0,0,0,0,,
shirt_01s,0,0,0,0,0,,
shirt_02s,0,0,0,0,0,,
shirt_03s,0,0,0,0,0,,
shirt_04s,0,1,0,0,0,1,0
shirt_05s,0,0,0,0,0,,
shirt_06s,0,0,0,0,0,,
shirt_07s,0,0,1,0,0,,
shirt_08s,0,0,0,0,0,,
shirt_09s,0,0,0,0,0,,
shirt_10s,0,0,1,0,0,,
shirt_11s,0,0,1,0,0,,
shirt_12s,0,0,0,0,0,,
shoe_01s,0,0,0,0,1,,
shoe_02s,0,0,0,0,1,,
shoe_03s,0,0,1,0,0,,
shoe_04s,0,0,0,0,1,,
shoe_05s,0,0,1,1,1,,
shoe_06s,0,0,0,0,1,,
shoe_07s,0,0,1,0,1,,
shoe_08s,0,0,0,1,1,,
shoe_09s,0,0,1,1,1,,
shoe_10s,0,0,0,0,1,,
shoe_11s,0,0,0,0,1,,
shoe_12s,0,0,0,0,1,,
shovel_01b,0,0,0,0,0,,
shovel_02n,0,0,0,0,0,,
shovel_03n,0,0,0,0,0,,
shovel_04n,0,0,0,0,0,,
shovel_05s,0,0,0,0,0,,
shovel_06s,0,0,0,0,0,,
shovel_07n,0,0,0,0,1,,
shovel_08n,0,0,0,0,0,,
shovel_09s,0,0,1,0,0,,
shovel_10s,0,0,1,0,1,,
shovel_11s,0,0,0,0,0,,
shovel_12s,0,0,1,0,1,,
shower_01b,0,0,0,0,0,,
shower_02s,0,0,0,0,0,,
shower_03s,0,0,0,0,0,,
shower_04s,0,0,0,0,0,,
shower_05n,0,0,0,0,0,,
shower_06s,0,0,0,0,0,,
shower_07s,0,0,0,0,0,,
shower_08s,0,0,0,0,0,,
shower_09s,0,0,0,0,0,,
shower_10s,0,0,0,0,0,,
shower_11s,0,0,0,0,0,,
shower_12s,0,0,0,0,0,,
shower_cap_01b,0,0,0,0,0,,
shower_cap_02s,0,0,0,0,0,,
shower_cap_03s,1,0,0,0,0,1,0
shower_cap_04s,1,0,0,0,0,1,0
shower_cap_05s,1,1,0,0,0,1,0
shower_cap_06s,1,0,0,0,0,1,0
shower_cap_07s,1,0,0,0,0,0,0
shower_cap_08s,1,0,0,0,0,1,0
shower_cap_09s,1,0,0,0,0,0,0
shower_cap_10s,1,0,1,1,0,0,0
shower_cap_11s,1,0,0,0,0,0,0
shower_cap_12s,1,0,0,0,0,1,0
shredder_01b,0,0,1,0,0,,
shredder_02s,0,0,0,1,0,,
shredder_03s,0,0,1,1,0,,
shredder_04s,0,0,1,0,0,,
shredder_05s,0,0,0,1,0,,
shredder_06s,0,0,0,0,0,,
shredder_07s,0,0,1,1,0,,
shredder_08s,0,0,1,0,0,,
shredder_09s,0,0,1,1,0,,
shredder_10s,0,0,1,0,0,,
shredder_11s,0,0,1,1,0,,
shredder_12s,0,0,0,1,0,,
shrimp_01b,0,0,0,0,1,,
shrimp_02s,0,0,0,0,1,,
shrimp_03s,0,0,0,0,1,,
shrimp_04s,0,0,0,0,1,,
shrimp_05s,0,0,0,0,1,,
shrimp_06n,0,0,0,0,1,,
shrimp_07n,0,0,0,0,1,,
shrimp_08s,0,0,0,0,1,,
shrimp_09n,0,0,0,0,1,,
shrimp_10s,0,0,0,0,1,,
shrimp_11s,0,0,0,0,1,,
shrimp_12s,0,0,0,0,1,,
sickle_01b,0,0,0,0,0,,
sickle_02s,0,0,0,0,0,,
sickle_03s,0,0,0,0,1,,
sickle_04s,0,0,1,0,0,,
sickle_05s,0,0,1,0,0,,
sickle_06s,1,1,0,0,0,1,0
sickle_07s,0,0,0,0,1,,
sickle_08s,0,0,0,0,0,,
sickle_09s,0,0,0,0,0,,
sickle_10s,0,0,1,0,0,,
sickle_11s,0,0,0,0,0,,
sickle_12s,0,0,0,0,0,,
silverware_01b,0,0,0,0,1,,
silverware_02s,0,0,0,0,1,,
silverware_03s,0,0,0,0,1,,
silverware_04s,0,0,0,0,1,,
silverware_05s,0,0,0,0,1,,
silverware_06s,0,0,0,0,1,,
silverware_07s,0,0,0,0,1,,
silverware_08s,0,0,0,0,1,,
silverware_09s,0,0,0,0,0,,
silverware_10s,0,0,0,0,1,,
silverware_11s,0,0,0,0,0,,
silverware_12s,0,0,0,0,0,,
sim_card_01b,0,0,1,0,0,,
sim_card_02s,0,0,1,0,0,,
sim_card_03s,0,0,0,0,1,,
sim_card_04s,0,0,1,1,1,,
sim_card_05s,0,0,1,0,0,,
sim_card_06s,0,0,0,0,1,,
sim_card_07s,0,0,1,0,1,,
sim_card_08s,0,1,0,0,0,1,0
sim_card_09s,0,0,1,1,1,,
sim_card_10s,0,0,0,0,0,,
sim_card_11s,0,0,0,0,0,,
sim_card_12s,0,0,1,1,0,,
sink_01b,0,0,0,0,0,,
sink_02s,0,0,0,0,0,,
sink_03s,0,0,0,0,0,,
sink_04s,0,0,0,0,0,,
sink_05s,0,0,0,0,0,,
sink_06s,0,0,0,0,0,,
sink_07s,0,0,0,0,0,,
sink_08s,0,0,0,0,0,,
sink_09s,0,0,0,0,0,,
sink_10s,0,0,0,0,0,,
sink_11s,0,0,0,0,0,,
sink_12s,0,0,0,0,0,,
ski_pole_01b,0,0,0,0,1,,
ski_pole_02s,0,0,0,0,1,,
ski_pole_03s,0,0,1,0,1,,
ski_pole_04s,0,0,0,0,1,,
ski_pole_05s,0,0,1,0,1,,
ski_pole_06s,0,0,1,0,1,,
ski_pole_07s,0,0,0,0,1,,
ski_pole_08s,0,0,1,0,1,,
ski_pole_09s,0,0,1,0,1,,
ski_pole_10s,0,0,1,1,1,,
ski_pole_11s,0,0,0,0,1,,
ski_pole_12s,0,0,0,0,1,,
skunk_01b,1,1,0,0,0,0,0
skunk_02s,1,1,0,0,0,0,0
skunk_03s,1,1,0,0,0,0,0
skunk_04s,1,1,0,0,0,0,0
skunk_05s,1,1,0,0,0,0,0
skunk_06s,1,1,0,0,0,0,0
skunk_07s,1,1,0,0,0,0,0
skunk_08s,1,1,0,0,0,0,0
skunk_09s,0,1,0,0,0,0,0
skunk_10s,1,1,0,0,0,0,0
skunk_11s,1,1,0,0,0,0,0
skunk_12s,1,1,0,0,0,0,0
sleeping_bag_01b,0,0,0,0,0,,
sleeping_bag_02s,0,0,0,0,1,,
sleeping_bag_03s,0,0,0,0,1,,
sleeping_bag_04s,0,0,0,0,1,,
sleeping_bag_05s,0,0,0,0,0,,
sleeping_bag_06s,0,0,0,0,1,,
sleeping_bag_07s,0,0,0,0,1,,
sleeping_bag_08s,0,0,0,0,0,,
sleeping_bag_09s,0,0,0,1,0,,
sleeping_bag_10s,0,0,0,0,0,,
sleeping_bag_11s,0,0,0,0,0,,
sleeping_bag_12s,0,0,0,0,0,,
slingshot_01b,0,0,0,0,0,,
slingshot_02s,0,0,0,1,0,,
slingshot_03s,1,1,0,0,0,1,0
slingshot_04s,0,0,0,0,0,,
slingshot_05s,0,0,0,0,0,,
slingshot_06s,0,0,0,0,0,,
slingshot_07s,0,0,0,0,0,,
slingshot_08s,0,0,0,0,0,,
slingshot_09s,0,0,0,0,1,,
slingshot_10s,0,0,0,0,0,,
slingshot_11s,0,0,1,0,0,,
slingshot_12s,0,0,1,0,1,,
sloth_01b,1,1,0,0,0,0,0
sloth_02s,1,1,0,0,0,0,0
sloth_03s,1,1,0,0,0,0,0
sloth_04s,1,1,0,0,0,0,0
sloth_05s,1,1,0,0,0,0,0
sloth_06s,1,1,0,0,0,0,0
sloth_07n,1,1,0,0,0,0,0
sloth_08s,1,1,0,0,0,0,0
sloth_09s,1,1,0,0,0,0,0
sloth_10s,1,1,0,0,0,0,0
sloth_11n,1,1,0,0,0,0,0
sloth_12s,1,1,0,0,0,0,0
smoke_alarm_01b,0,0,0,0,0,,
smoke_alarm_02s,0,0,0,0,0,,
smoke_alarm_03s,0,1,0,0,0,1,0
smoke_alarm_04s,0,0,0,0,0,,
smoke_alarm_05s,0,0,1,0,0,,
smoke_alarm_06s,0,0,1,0,0,,
smoke_alarm_07s,0,0,1,0,0,,
smoke_alarm_08s,0,0,1,1,0,,
smoke_alarm_09s,0,0,1,0,0,,
smoke_alarm_10s,0,1,1,0,0,1,0
smoke_alarm_11s,0,1,1,0,0,1,0
smoke_alarm_12s,0,0,1,0,0,,
snail_01b,0,0,0,0,0,,
snail_02s,0,0,0,0,0,,
snail_03n,0,0,0,0,0,,
snail_04s,0,0,0,0,0,,
snail_05s,0,0,0,0,0,,
snail_06s,0,0,0,0,0,,
snail_07s,0,0,0,0,0,,
snail_08s,0,0,0,0,0,,
snail_09s,0,0,0,0,0,,
snail_10s,0,0,0,0,0,,
snail_11s,0,0,0,0,0,,
snail_12s,0,0,0,0,0,,
snake_01b,0,0,0,0,0,,
snake_02s,0,0,0,0,0,,
snake_03s,0,0,0,0,0,,
snake_04s,0,0,0,0,0,,
snake_05s,0,0,0,0,0,,
snake_06s,0,0,0,0,0,,
snake_07s,0,0,0,0,0,,
snake_08s,0,0,0,0,0,,
snake_09s,0,0,0,0,0,,
snake_10s,0,0,0,0,0,,
snake_11s,0,0,0,0,0,,
snake_12s,0,0,0,0,0,,
snorkel_01b,0,0,1,0,0,,
snorkel_02s,0,0,1,0,0,,
snorkel_03s,0,0,0,0,0,,
snorkel_04s,0,0,1,1,0,,
snorkel_05s,1,1,0,0,0,1,0
snorkel_06s,0,0,0,0,0,,
snorkel_07s,0,0,1,0,0,,
snorkel_08s,0,0,1,0,0,,
snorkel_09s,0,0,1,0,0,,
snorkel_10s,1,0,1,0,0,1,0
snorkel_11s,0,0,1,0,0,,
snorkel_12s,1,0,1,0,0,1,0
snowboard_01b,0,0,0,0,0,,
snowboard_02s,0,0,0,0,0,,
snowboard_03s,0,0,1,0,0,,
snowboard_04s,0,0,0,0,0,,
snowboard_05s,0,0,1,0,1,,
snowboard_06s,0,0,0,1,0,,
snowboard_07s,0,0,0,1,0,,
snowboard_08s,0,0,1,0,1,,
snowboard_09s,0,0,0,0,0,,
snowboard_10s,0,0,0,0,0,,
snowboard_11s,0,0,0,0,0,,
snowboard_12s,0,1,0,0,0,1,0
snowplow_01b,0,0,0,0,0,,
snowplow_02s,0,0,1,0,0,,
snowplow_03s,0,0,0,0,0,,
snowplow_04s,0,0,0,0,0,,
snowplow_05n,0,0,0,0,0,,
snowplow_06n,0,0,1,0,0,,
snowplow_07s,0,0,0,0,0,,
snowplow_08s,0,0,1,0,0,,
snowplow_09s,0,0,0,0,0,,
snowplow_10s,0,0,0,0,0,,
snowplow_11s,0,0,0,0,0,,
snowplow_12s,0,0,0,0,0,,
sock_01b,0,0,0,0,1,,
sock_02s,0,1,0,0,1,1,0
sock_03s,0,1,0,0,1,1,0
sock_04s,0,0,0,1,1,,
sock_05s,0,0,0,0,1,,
sock_06s,0,1,1,0,0,1,0
sock_07s,0,1,0,0,0,1,0
sock_08s,0,1,0,0,1,1,0
sock_09s,0,1,0,0,1,1,0
sock_10s,0,0,0,0,1,,
sock_11s,0,1,0,0,1,1,0
sock_12s,0,0,0,0,1,,
soda_fountain_01s,0,0,1,1,0,,
soda_fountain_02s,0,0,1,1,0,,
soda_fountain_03s,0,0,1,1,0,,
soda_fountain_04s,0,0,1,1,0,,
soda_fountain_05s,0,0,1,1,0,,
soda_fountain_06s,0,0,1,1,0,,
soda_fountain_07s,0,0,1,1,0,,
soda_fountain_08s,0,0,1,1,0,,
soda_fountain_09s,0,0,1,1,0,,
soda_fountain_10s,0,0,1,1,0,,
soda_fountain_11s,0,0,1,1,0,,
soda_fountain_12s,0,0,1,1,0,,
solar_panel_01b,0,0,0,0,1,,
solar_panel_02s,0,0,0,0,0,,
solar_panel_03s,0,0,0,0,0,,
solar_panel_04s,1,0,0,0,0,1,0
solar_panel_05s,0,0,0,0,0,,
solar_panel_06s,0,0,0,0,0,,
solar_panel_07s,0,0,0,0,0,,
solar_panel_08s,0,0,0,0,0,,
solar_panel_09s,0,0,0,0,0,,
solar_panel_10s,0,0,0,0,0,,
solar_panel_11s,0,0,0,0,0,,
solar_panel_12s,0,0,0,0,0,,
sombrero_01b,0,0,0,0,0,,
sombrero_02s,0,0,0,0,0,,
sombrero_03s,0,1,0,0,0,1,0
sombrero_04s,0,0,0,0,0,,
sombrero_05s,0,0,0,0,0,,
sombrero_06s,0,0,0,0,0,,
sombrero_07s,0,0,0,0,0,,
sombrero_08s,0,0,0,0,0,,
sombrero_09s,0,0,1,0,1,,
sombrero_10s,0,0,0,0,1,,
sombrero_11s,1,0,0,0,0,1,0
sombrero_12s,0,0,0,0,0,,
sonogram_01b,0,0,1,0,0,,
sonogram_02s,0,0,1,0,0,,
sonogram_03s,0,0,1,0,0,,
sonogram_04s,0,0,1,0,0,,
sonogram_05s,0,0,1,0,0,,
sonogram_06s,0,0,1,0,0,,
sonogram_07s,0,0,0,0,0,,
sonogram_08s,0,0,0,0,0,,
sonogram_09s,0,0,1,0,0,,
sonogram_10s,0,0,1,0,0,,
sonogram_11s,0,0,1,0,0,,
sonogram_12s,0,0,0,0,0,,
soy_sauce_01s,0,0,0,0,0,,
soy_sauce_02s,0,0,0,0,0,,
soy_sauce_03s,0,0,0,0,0,,
soy_sauce_04s,0,0,0,0,0,,
soy_sauce_05s,0,0,0,0,0,,
soy_sauce_06s,0,0,0,0,0,,
soy_sauce_07s,0,0,0,0,0,,
soy_sauce_08s,0,0,1,0,0,,
soy_sauce_09s,0,0,0,0,0,,
soy_sauce_10s,0,0,0,0,0,,
soy_sauce_11s,0,0,0,0,0,,
soy_sauce_12s,0,0,0,0,0,,
space_shuttle_01b,0,0,1,1,0,,
space_shuttle_02s,0,0,1,1,0,,
space_shuttle_03s,0,0,1,1,0,,
space_shuttle_04s,0,0,1,1,0,,
space_shuttle_05s,0,0,0,1,0,,
space_shuttle_06s,0,0,1,1,0,,
space_shuttle_07s,0,0,1,0,0,,
space_shuttle_08s,0,0,1,1,0,,
space_shuttle_09s,0,0,1,1,0,,
space_shuttle_10s,0,0,1,1,0,,
space_shuttle_11s,0,0,0,0,0,,
space_shuttle_12s,0,0,1,1,0,,
spareribs_01b,0,0,0,0,0,,
spareribs_02s,0,0,0,0,1,,
spareribs_03s,0,0,0,0,0,,
spareribs_04s,0,0,0,0,0,,
spareribs_05s,0,0,0,0,1,,
spareribs_06s,0,0,0,0,1,,
spareribs_07s,0,0,0,0,0,,
spareribs_08n,0,0,0,0,0,,
spareribs_09s,0,0,0,0,0,,
spareribs_10s,0,0,0,0,0,,
spareribs_11s,0,0,0,0,0,,
spareribs_12s,0,0,0,0,0,,
spatula_01b,0,0,0,1,0,,
spatula_02s,0,0,0,0,0,,
spatula_03s,0,0,0,0,0,,
spatula_04s,0,0,0,0,0,,
spatula_05s,0,0,0,0,0,,
spatula_06s,0,0,1,0,0,,
spatula_07s,0,0,0,0,0,,
spatula_08s,0,0,0,0,0,,
spatula_09s,0,0,0,0,0,,
spatula_10s,0,0,1,0,0,,
spatula_11s,0,0,0,0,1,,
spatula_12s,0,0,0,0,0,,
speaker_01s,0,0,1,0,0,,
speaker_02s,0,0,0,0,1,,
speaker_03s,0,0,0,0,0,,
speaker_04s,0,0,0,0,1,,
speaker_05s,0,0,0,0,1,,
speaker_06s,0,0,0,0,1,,
speaker_07s,0,0,1,0,1,,
speaker_08s,0,0,0,0,1,,
speaker_09s,0,0,0,0,0,,
speaker_10s,0,0,1,0,0,,
speaker_11s,0,0,0,0,1,,
speaker_12s,0,0,1,0,1,,
spider_01b,0,0,0,0,0,,
spider_02s,0,0,0,0,0,,
spider_03s,0,0,0,0,0,,
spider_04s,0,0,0,0,0,,
spider_05s,0,0,0,0,0,,
spider_06s,0,0,0,0,0,,
spider_07s,0,0,0,0,0,,
spider_08s,0,0,0,0,0,,
spider_09n,0,0,0,0,0,,
spider_10n,0,0,0,0,0,,
spider_11s,0,0,0,0,0,,
spider_12n,0,0,0,0,0,,
spinach_01b,0,0,0,0,0,,
spinach_02s,0,0,0,0,0,,
spinach_03s,0,0,0,0,0,,
spinach_04s,0,0,0,0,0,,
spinach_05s,0,0,0,0,0,,
spinach_06s,0,0,0,0,0,,
spinach_07s,0,0,0,0,0,,
spinach_08s,0,0,0,0,0,,
spinach_09s,0,0,0,0,0,,
spinach_10s,0,0,0,0,0,,
spinach_11s,0,0,0,0,0,,
spinach_12s,0,0,0,0,0,,
spoon_01b,0,0,0,0,1,,
spoon_02s,0,0,0,0,0,,
spoon_03s,0,0,0,0,1,,
spoon_04s,0,0,0,0,0,,
spoon_05n,0,0,0,0,0,,
spoon_06s,0,0,0,0,0,,
spoon_07s,0,0,0,0,1,,
spoon_08s,0,0,0,0,0,,
spoon_09s,0,0,0,0,1,,
spoon_10s,0,0,0,0,0,,
spoon_11s,0,0,0,0,1,,
spoon_12s,0,0,0,0,1,,
spout_01b,0,0,0,0,0,,
spout_02s,0,0,0,0,0,,
spout_03s,0,0,0,0,0,,
spout_04s,0,0,0,0,0,,
spout_05s,0,0,0,0,0,,
spout_06s,0,0,0,0,0,,
spout_07s,0,0,0,0,0,,
spout_08s,0,0,0,0,0,,
spout_09s,0,0,0,0,0,,
spout_10s,0,0,0,0,0,,
spout_11s,0,0,0,0,0,,
spout_12s,0,0,0,0,0,,
sprinkler_01b,0,0,0,0,0,,
sprinkler_02n,0,0,0,0,0,,
sprinkler_03s,0,0,0,0,0,,
sprinkler_04s,0,0,0,0,0,,
sprinkler_05s,0,0,0,0,0,,
sprinkler_06s,0,0,0,0,0,,
sprinkler_07s,0,0,0,0,0,,
sprinkler_08s,0,0,0,0,0,,
sprinkler_09s,0,0,0,0,0,,
sprinkler_10s,0,0,0,0,0,,
sprinkler_11s,0,0,0,0,0,,
sprinkler_12s,0,0,0,0,0,,
squeegee_01b,1,1,0,0,0,1,0
squeegee_02s,0,0,0,0,0,,
squeegee_03s,0,1,1,0,0,1,0
squeegee_04s,0,1,0,0,0,1,0
squeegee_05s,0,1,1,0,0,1,0
squeegee_06s,0,1,0,0,0,1,0
squeegee_07s,0,0,0,0,1,,
squeegee_08s,0,1,0,0,0,1,0
squeegee_09s,0,0,0,0,1,,
squeegee_10s,0,0,1,0,0,,
squeegee_11s,0,1,0,0,0,1,0
squeegee_12n,0,0,0,0,1,,
squirrel_01b,1,1,0,0,0,0,0
squirrel_02s,1,1,0,0,0,0,0
squirrel_03s,1,1,0,0,0,0,0
squirrel_04s,1,1,0,0,0,0,0
squirrel_05n,1,1,0,0,0,0,0
squirrel_06s,1,1,0,0,0,0,0
squirrel_07s,1,1,0,0,0,0,0
squirrel_08n,1,1,0,0,0,0,0
squirrel_09s,1,1,0,0,0,0,0
squirrel_10s,1,1,0,0,0,0,0
squirrel_11s,1,1,0,0,0,0,0
squirrel_12n,1,1,0,0,0,0,0
stair_01b,0,0,0,0,0,,
stair_02s,0,0,0,1,0,,
stair_03s,0,0,0,0,0,,
stair_04s,0,0,0,0,0,,
stair_05s,0,0,0,0,0,,
stair_06s,0,0,0,0,0,,
stair_07s,0,0,0,0,0,,
stair_08s,0,0,0,0,0,,
stair_09s,0,0,0,0,0,,
stair_10s,0,0,0,0,0,,
stair_11s,0,0,0,0,0,,
stair_12s,0,0,0,0,0,,
stalagmite_01b,0,0,0,0,0,,
stalagmite_02s,0,0,0,0,1,,
stalagmite_03s,0,0,0,0,0,,
stalagmite_04s,0,0,0,0,0,,
stalagmite_05s,0,0,0,0,1,,
stalagmite_06s,0,0,0,0,1,,
stalagmite_07s,0,0,0,0,0,,
stalagmite_08s,0,0,0,0,1,,
stalagmite_09s,0,0,0,0,1,,
stalagmite_10s,0,0,0,0,1,,
stalagmite_11s,0,0,0,0,0,,
stalagmite_12s,0,0,0,0,1,,
stamp2_01b,0,0,0,1,0,,
stamp2_02s,0,0,1,1,0,,
stamp2_03s,0,0,1,0,0,,
stamp2_04s,0,0,1,1,0,,
stamp2_05s,0,0,0,1,0,,
stamp2_06s,0,0,0,1,0,,
stamp2_07s,0,0,0,1,0,,
stamp2_08s,0,0,0,0,0,,
stamp2_09s,0,0,0,1,0,,
stamp2_10s,0,0,0,1,0,,
stamp2_11s,0,0,1,1,0,,
stamp2_12s,0,0,1,0,0,,
stapler_01b,0,0,0,0,0,,
stapler_02s,0,0,1,0,0,,
stapler_03s,0,0,1,0,0,,
stapler_04s,0,0,1,0,0,,
stapler_05s,0,0,1,0,0,,
stapler_06s,0,0,0,0,0,,
stapler_07s,0,0,0,0,0,,
stapler_08s,0,0,1,0,0,,
stapler_09s,0,0,0,0,1,,
stapler_10s,0,0,0,0,0,,
stapler_11s,0,0,0,0,0,,
stapler_12s,0,0,1,0,0,,
starfish_01b,0,0,0,0,0,,
starfish_02s,0,0,0,0,0,,
starfish_03s,0,0,0,0,0,,
starfish_04s,0,0,0,0,0,,
starfish_05s,0,0,0,0,0,,
starfish_06s,0,0,0,0,0,,
starfish_07s,0,0,0,0,0,,
starfish_08s,0,0,0,0,0,,
starfish_09s,0,0,0,0,0,,
starfish_10s,0,0,0,0,0,,
starfish_11s,0,0,0,0,0,,
starfish_12s,0,0,0,0,0,,
steak_01b,0,0,0,0,0,,
steak_02s,0,0,0,0,0,,
steak_03s,0,0,0,0,0,,
steak_04s,0,0,0,0,0,,
steak_05s,0,0,0,0,0,,
steak_06s,0,0,0,0,0,,
steak_07s,0,0,0,0,0,,
steak_08s,0,0,0,0,0,,
steak_09s,0,0,0,0,0,,
steak_10s,0,0,0,0,0,,
steak_11s,0,0,0,0,0,,
steak_12n,0,0,0,0,0,,
steamroller_01b,0,0,1,0,0,,
steamroller_02n,0,1,1,0,0,1,0
steamroller_03n,0,0,1,0,0,,
steamroller_04n,0,0,1,0,0,,
steamroller_05n,0,0,1,0,0,,
steamroller_06s,0,0,0,0,0,,
steamroller_07n,0,0,1,0,0,,
steamroller_08n,0,0,1,0,0,,
steamroller_09s,0,0,1,0,0,,
steamroller_10s,0,0,1,0,0,,
steamroller_11n,0,0,1,0,0,,
steamroller_12s,0,0,1,0,0,,
stethoscope_01b,0,0,0,0,0,,
stethoscope_02s,0,1,0,0,0,1,0
stethoscope_03s,0,0,0,0,0,,
stethoscope_04s,0,0,0,0,0,,
stethoscope_05s,0,0,0,0,0,,
stethoscope_06n,0,0,0,0,0,,
stethoscope_07s,0,0,0,0,0,,
stethoscope_08s,0,0,0,0,0,,
stethoscope_09n,0,0,1,0,0,,
stethoscope_10s,0,0,0,0,0,,
stethoscope_11s,0,0,0,0,0,,
stethoscope_12s,0,0,0,0,0,,
stiletto_01b,0,0,0,0,1,,
stiletto_02s,0,0,0,0,0,,
stiletto_03s,0,1,0,0,1,1,0
stiletto_04s,0,1,0,0,1,1,0
stiletto_05s,0,1,0,0,1,1,0
stiletto_06s,0,1,0,0,0,1,0
stiletto_07s,0,1,0,0,0,1,0
stiletto_08s,0,1,0,0,1,1,0
stiletto_09s,0,1,0,0,1,1,0
stiletto_10s,0,0,0,0,0,,
stiletto_11s,0,0,0,0,1,,
stiletto_12s,0,0,0,0,1,,
stopwatch_01b,0,1,1,0,0,1,0
stopwatch_02s,0,1,1,0,0,1,0
stopwatch_03s,0,1,1,0,0,1,0
stopwatch_04s,0,1,1,0,0,1,0
stopwatch_05s,0,1,1,0,0,1,0
stopwatch_06s,0,0,1,0,0,,
stopwatch_07s,0,1,1,0,0,1,0
stopwatch_08s,0,0,1,1,0,,
stopwatch_09s,0,1,1,0,0,1,0
stopwatch_10s,0,1,1,0,0,1,0
stopwatch_11s,0,0,1,0,0,,
stopwatch_12s,0,0,1,0,1,,
stove1_01b,0,0,0,0,0,,
stove1_02s,0,0,1,0,0,,
stove1_03s,0,0,0,0,0,,
stove1_04s,0,0,0,0,0,,
stove1_05s,0,0,1,0,0,,
stove1_06s,0,0,1,0,0,,
stove1_07s,0,0,0,0,0,,
stove1_08s,0,0,0,0,0,,
stove1_09s,0,0,0,0,0,,
stove1_10s,0,0,0,0,0,,
stove1_11s,0,0,0,0,0,,
stove1_12s,0,0,1,0,0,,
strainer_01b,0,0,0,0,0,,
strainer_02s,0,0,0,0,0,,
strainer_03s,0,0,0,0,0,,
strainer_04s,0,0,0,0,0,,
strainer_05s,0,0,0,0,0,,
strainer_06s,0,0,0,0,0,,
strainer_07s,0,0,0,0,0,,
strainer_08s,0,0,1,0,0,,
strainer_09s,0,0,0,0,0,,
strainer_10s,0,0,0,0,0,,
strainer_11s,0,0,0,0,0,,
strainer_12s,0,0,0,0,0,,
strawberry_01b,0,0,0,0,1,,
strawberry_02n,0,0,0,0,1,,
strawberry_03n,0,0,0,0,1,,
strawberry_04n,0,0,0,0,0,,
strawberry_05n,0,0,0,0,1,,
strawberry_06n,0,0,0,0,1,,
strawberry_07n,0,0,0,0,1,,
strawberry_08n,0,0,0,0,1,,
strawberry_09n,0,0,0,0,0,,
strawberry_10n,0,0,0,0,1,,
strawberry_11n,0,0,0,0,1,,
strawberry_12n,0,1,0,0,1,1,0
streetlight_01b,0,0,0,0,0,,
streetlight_02s,0,0,0,0,0,,
streetlight_03s,0,0,0,0,0,,
streetlight_04s,0,0,0,0,0,,
streetlight_05s,0,0,0,0,0,,
streetlight_06n,0,0,0,0,0,,
streetlight_07s,0,0,0,0,0,,
streetlight_08s,0,0,0,0,0,,
streetlight_09s,0,0,0,0,0,,
streetlight_10s,0,0,0,0,0,,
streetlight_11n,0,0,0,0,0,,
streetlight_12s,0,0,0,0,0,,
submarine_01b,0,0,0,0,0,,
submarine_02s,0,0,0,0,0,,
submarine_03s,0,0,0,0,0,,
submarine_04s,0,0,0,0,0,,
submarine_05s,0,0,0,0,0,,
submarine_06n,0,0,0,0,0,,
submarine_07s,0,0,0,0,0,,
submarine_08s,0,0,0,0,0,,
submarine_09s,0,0,0,0,0,,
submarine_10n,0,0,0,0,0,,
submarine_11n,0,0,0,0,0,,
submarine_12s,0,0,0,0,0,,
subway_01b,0,1,1,0,0,1,0
subway_02s,0,0,1,0,0,,
subway_03s,0,0,1,1,0,,
subway_04s,0,0,1,0,0,,
subway_05s,0,1,1,0,0,1,0
subway_06s,0,0,1,0,0,,
subway_07s,0,0,1,0,0,,
subway_08s,0,1,1,0,0,1,0
subway_09s,0,0,1,0,0,,
subway_10s,0,1,1,0,0,1,0
subway_11s,1,1,1,0,0,1,0
subway_12s,0,0,1,1,0,,
suit_01b,0,1,0,0,0,1,0
suit_02s,0,1,0,0,0,1,0
suit_03s,0,0,1,1,0,,
suit_04s,0,1,0,0,0,1,0
suit_05s,0,1,0,0,0,1,0
suit_06s,0,1,0,0,0,1,0
suit_07s,0,1,0,0,0,1,0
suit_08s,0,1,0,0,0,1,0
suit_09s,0,1,0,0,0,1,0
suit_10s,1,1,0,0,0,1,0
suit_11s,1,1,0,0,0,1,0
suit_12s,1,1,0,0,0,1,0
sundae_01b,0,0,0,0,0,,
sundae_02s,0,0,0,0,0,,
sundae_03s,0,0,0,0,0,,
sundae_04s,0,0,0,0,0,,
sundae_05s,0,0,0,0,0,,
sundae_06s,0,0,0,0,0,,
sundae_07s,0,0,0,0,0,,
sundae_08s,0,0,0,0,0,,
sundae_09s,0,0,0,0,0,,
sundae_10s,0,0,0,0,0,,
sundae_11s,0,0,0,0,0,,
sundae_12s,0,0,0,0,1,,
sundial_01b,0,0,1,1,0,,
sundial_02s,0,0,1,0,0,,
sundial_03s,0,0,1,0,0,,
sundial_04s,0,0,1,0,0,,
sundial_05s,0,0,1,0,0,,
sundial_06s,0,0,1,0,0,,
sundial_07s,0,0,1,0,0,,
sundial_08s,0,0,1,0,0,,
sundial_09s,0,0,1,0,0,,
sundial_10s,0,0,1,0,0,,
sundial_11s,0,0,1,0,0,,
sundial_12s,0,0,1,1,0,,
sunroof_01b,0,0,0,0,0,,
sunroof_02s,0,0,0,0,0,,
sunroof_03s,0,0,0,0,0,,
sunroof_04s,0,0,1,0,0,,
sunroof_05s,0,0,0,0,0,,
sunroof_06s,0,0,0,0,0,,
sunroof_07s,0,0,0,0,0,,
sunroof_08s,0,0,0,0,0,,
sunroof_09s,0,0,0,0,0,,
sunroof_10s,0,0,0,0,0,,
sunroof_11s,0,0,0,0,0,,
sunroof_12s,0,0,0,0,0,,
sushi_01b,0,0,0,0,1,,
sushi_02s,0,0,0,0,1,,
sushi_03s,0,0,0,0,1,,
sushi_04s,0,0,0,0,1,,
sushi_05s,0,0,0,0,1,,
sushi_06s,0,0,0,0,1,,
sushi_07s,0,0,0,0,1,,
sushi_08s,0,0,0,0,1,,
sushi_09s,0,0,0,0,1,,
sushi_10s,0,0,0,0,1,,
sushi_11s,0,0,0,0,1,,
sushi_12s,0,0,0,0,1,,
suspenders_01b,0,0,0,0,0,,
suspenders_02s,0,1,0,0,0,1,0
suspenders_03s,0,1,0,0,0,1,0
suspenders_04s,0,0,0,0,0,,
suspenders_05s,0,0,0,0,0,,
suspenders_06s,0,1,0,0,0,1,0
suspenders_07s,0,1,0,0,0,1,0
suspenders_08s,0,1,0,0,0,1,0
suspenders_09s,0,1,0,0,0,1,0
suspenders_10s,0,1,0,0,0,1,0
suspenders_11s,0,1,0,0,0,1,0
suspenders_12s,0,0,0,0,0,,
sweatsuit_01s,0,1,0,0,0,1,0
sweatsuit_02s,0,0,0,0,0,,
sweatsuit_03s,0,1,0,0,0,1,0
sweatsuit_04s,0,0,0,0,0,,
sweatsuit_05s,0,1,0,0,0,1,0
sweatsuit_06s,0,0,0,1,0,,
sweatsuit_07s,0,1,0,0,0,1,0
sweatsuit_08s,0,1,1,0,0,1,0
sweatsuit_09s,0,0,1,1,0,,
sweatsuit_10s,0,0,1,1,0,,
sweatsuit_11s,0,1,0,0,0,1,0
sweatsuit_12s,0,1,0,0,0,1,0
sword_01b,0,0,0,0,1,,
sword_02s,0,0,0,0,0,,
sword_03s,0,0,0,0,0,,
sword_04s,0,0,0,0,1,,
sword_05s,0,0,0,0,1,,
sword_06s,0,0,0,1,0,,
sword_07s,0,0,0,0,0,,
sword_08s,0,0,0,0,1,,
sword_09s,0,0,0,0,0,,
sword_10s,0,0,0,0,0,,
sword_11s,0,0,0,0,0,,
sword_12s,0,0,0,0,1,,
syringe_01b,0,0,1,0,0,,
syringe_02s,0,0,0,0,0,,
syringe_03s,0,1,1,0,0,1,0
syringe_04s,0,0,1,0,0,,
syringe_05s,0,1,1,0,0,1,0
syringe_06s,0,0,1,0,0,,
syringe_07s,0,0,1,0,0,,
syringe_08s,0,0,1,0,0,,
syringe_09s,0,0,1,0,1,,
syringe_10s,0,0,1,0,0,,
syringe_11s,0,0,1,0,1,,
syringe_12s,0,0,1,0,0,,
syrup_01s,0,0,0,0,0,,
syrup_02s,0,0,0,0,0,,
syrup_03s,0,0,0,0,1,,
syrup_04s,0,0,0,0,0,,
syrup_05s,0,0,0,0,0,,
syrup_06s,0,0,0,0,0,,
syrup_07s,0,0,0,0,1,,
syrup_08s,0,0,0,0,1,,
syrup_09s,0,0,0,0,0,,
syrup_10s,0,0,0,0,0,,
syrup_11s,0,0,0,0,0,,
syrup_12s,0,0,0,0,0,,
t-shirt_01b,0,0,1,0,1,,
t-shirt_02s,0,0,1,0,0,,
t-shirt_03s,0,0,1,0,0,,
t-shirt_04s,0,1,1,0,0,1,0
t-shirt_05s,0,1,0,1,0,1,0
t-shirt_06s,0,0,1,1,0,,
t-shirt_07s,0,0,0,0,0,,
t-shirt_08s,0,1,1,0,0,1,0
t-shirt_09s,0,0,0,0,1,,
t-shirt_10s,0,1,1,0,0,1,0
t-shirt_11s,0,0,0,0,0,,
t-shirt_12s,0,0,1,1,0,,
tab_01b,0,0,0,0,1,,
tab_02s,0,0,0,0,1,,
tab_03s,0,0,0,0,1,,
tab_04s,0,0,0,0,1,,
tab_05s,0,0,0,1,0,,
tab_06s,0,0,0,0,0,,
tab_07s,0,0,0,0,0,,
tab_08s,0,0,0,0,1,,
tab_09s,0,0,0,0,0,,
tab_10s,0,0,0,0,1,,
tab_11s,0,0,0,0,1,,
tab_12s,0,0,0,0,1,,
table_01b,0,0,0,0,1,,
table_02s,0,0,0,0,0,,
table_03s,0,0,0,0,0,,
table_04s,0,0,0,0,0,,
table_05s,0,0,0,0,0,,
table_06s,0,0,0,0,0,,
table_07s,0,0,0,0,0,,
table_08s,0,0,0,0,0,,
table_09s,0,0,0,0,0,,
table_10n,0,0,0,0,1,,
table_11s,0,0,0,0,0,,
table_12s,0,0,0,0,0,,
tablecloth_01b,0,0,0,0,0,,
tablecloth_02s,0,0,0,1,0,,
tablecloth_03s,0,0,0,0,0,,
tablecloth_04s,0,0,0,0,0,,
tablecloth_05s,0,0,0,0,0,,
tablecloth_06s,0,0,0,0,0,,
tablecloth_07s,0,0,0,0,0,,
tablecloth_08s,0,0,0,0,0,,
tablecloth_09s,0,0,0,0,0,,
tablecloth_10s,0,0,0,0,0,,
tablecloth_11s,0,0,0,0,0,,
tablecloth_12s,0,0,0,0,0,,
taco_01b,0,0,0,0,0,,
taco_02s,0,0,0,0,1,,
taco_03s,0,0,0,0,1,,
taco_04s,0,0,0,0,1,,
taco_05s,0,0,0,0,1,,
taco_06n,0,0,0,0,1,,
taco_07s,0,0,0,0,1,,
taco_08s,0,0,0,0,0,,
taco_09n,0,0,0,0,0,,
taco_10s,0,0,0,0,1,,
taco_11s,0,0,0,0,1,,
taco_12n,0,0,0,0,0,,
tadpole_01b,0,0,0,0,0,,
tadpole_02s,0,0,0,0,0,,
tadpole_03s,0,1,0,0,0,1,0
tadpole_04s,0,0,0,0,0,,
tadpole_05s,0,0,0,0,0,,
tadpole_06s,0,0,0,0,0,,
tadpole_07s,0,1,0,0,0,1,0
tadpole_08s,0,0,0,0,0,,
tadpole_09s,0,1,0,0,0,1,0
tadpole_10s,0,0,0,0,1,,
tadpole_11s,0,0,0,0,0,,
tadpole_12s,0,0,0,0,0,,
tag_01b,0,0,1,0,0,,
tag_02s,0,0,1,0,0,,
tag_03s,0,1,1,0,0,1,0
tag_04s,0,1,1,1,0,1,0
tag_05s,0,1,1,0,0,1,0
tag_06s,0,0,1,1,0,,
tag_07s,0,0,1,0,0,,
tag_08s,0,1,1,1,0,1,0
tag_09s,0,0,1,0,0,,
tag_10s,0,1,1,1,0,1,0
tag_11s,0,0,1,0,0,,
tag_12s,0,0,1,1,0,,
taillight_01b,0,0,0,0,0,,
taillight_02s,0,0,0,0,0,,
taillight_03s,0,0,0,0,0,,
taillight_04s,0,0,0,0,0,,
taillight_05s,0,0,0,0,0,,
taillight_06s,0,0,0,0,0,,
taillight_07s,0,0,0,0,0,,
taillight_08s,0,0,1,0,0,,
taillight_09s,0,0,0,0,0,,
taillight_10s,0,0,0,0,0,,
taillight_11s,0,0,0,0,0,,
taillight_12s,0,0,1,0,0,,
tamale_01b,0,0,0,0,1,,
tamale_02s,0,0,0,0,1,,
tamale_03s,0,0,0,0,1,,
tamale_04n,0,0,0,0,1,,
tamale_05s,0,0,0,0,1,,
tamale_06s,0,0,0,0,1,,
tamale_07s,0,0,0,0,1,,
tamale_08s,0,0,0,0,1,,
tamale_09s,0,0,0,0,1,,
tamale_10s,0,0,0,0,1,,
tamale_11s,0,0,0,0,1,,
tamale_12s,0,0,0,0,1,,
tarp_01b,0,0,0,0,0,,
tarp_02s,0,0,0,0,0,,
tarp_03s,0,0,0,0,0,,
tarp_04s,0,0,0,0,0,,
tarp_05s,0,0,0,0,0,,
tarp_06s,0,0,0,0,0,,
tarp_07s,0,0,0,0,0,,
tarp_08s,0,0,0,0,0,,
tarp_09s,0,0,1,0,0,,
tarp_10s,0,0,0,0,0,,
tarp_11s,0,0,0,0,0,,
tarp_12s,0,0,0,0,0,,
tattoo_01b,0,1,0,1,0,1,0
tattoo_02s,0,1,1,1,0,1,0
tattoo_03s,0,1,0,1,0,1,0
tattoo_04s,0,1,0,1,0,1,0
tattoo_05s,0,1,0,1,0,1,0
tattoo_06s,0,1,0,1,0,1,0
tattoo_07s,0,1,0,1,0,1,0
tattoo_08s,0,1,0,1,0,1,0
tattoo_09s,1,1,0,0,0,1,0
tattoo_10s,0,1,1,1,0,1,0
tattoo_11s,1,1,0,0,0,1,0
tattoo_12s,0,1,0,1,0,1,0
teapot_01b,0,0,0,0,0,,
teapot_02s,0,0,0,1,0,,
teapot_03s,0,0,0,0,0,,
teapot_04s,0,0,0,0,0,,
teapot_05s,0,0,0,0,0,,
teapot_06s,0,0,0,0,0,,
teapot_07s,0,0,0,0,0,,
teapot_08s,0,0,0,0,0,,
teapot_09s,0,0,0,0,0,,
teapot_10s,0,0,0,0,0,,
teapot_11s,0,0,0,0,0,,
teapot_12s,0,0,0,0,0,,
telescope_01b,0,0,0,0,0,,
telescope_02s,0,0,0,0,0,,
telescope_03n,0,0,1,0,0,,
telescope_04s,0,0,1,0,0,,
telescope_05n,0,0,1,0,0,,
telescope_06s,0,0,1,0,0,,
telescope_07s,0,0,0,0,0,,
telescope_08n,0,0,1,0,0,,
telescope_09n,0,0,0,0,0,,
telescope_10s,0,0,0,0,0,,
telescope_11n,0,0,0,0,0,,
telescope_12s,0,0,1,0,0,,
television_01b,0,0,1,0,0,,
television_02n,0,0,1,0,0,,
television_03s,0,0,1,0,0,,
television_04s,0,0,0,0,0,,
television_05s,0,0,1,0,0,,
television_06s,0,0,1,0,0,,
television_07s,0,0,1,0,0,,
television_08s,0,0,0,0,0,,
television_09s,0,0,1,0,0,,
television_10n,0,0,0,0,0,,
television_11s,0,0,0,0,0,,
television_12s,0,0,1,0,0,,
tent_01b,0,0,0,0,1,,
tent_02s,0,0,1,0,0,,
tent_03s,0,0,0,0,0,,
tent_04s,0,0,0,0,0,,
tent_05n,0,0,0,0,0,,
tent_06s,0,0,0,0,0,,
tent_07n,1,1,0,0,0,1,0
tent_08n,0,0,0,0,0,,
tent_09n,0,0,0,0,0,,
tent_10n,0,0,1,0,0,,
tent_11s,0,0,1,0,0,,
tent_12s,0,0,0,0,0,,
thermometer_01b,0,0,1,1,0,,
thermometer_02s,0,0,1,0,0,,
thermometer_03s,0,0,1,0,0,,
thermometer_04s,0,0,1,0,0,,
thermometer_05s,0,0,1,0,0,,
thermometer_06s,0,0,1,0,1,,
thermometer_07s,0,0,1,0,0,,
thermometer_08s,0,1,1,0,0,1,0
thermometer_09s,0,0,1,0,0,,
thermometer_10s,0,0,1,0,0,,
thermometer_11s,0,0,1,0,0,,
thermometer_12s,0,0,1,0,1,,
thermos_01b,0,0,0,0,0,,
thermos_02s,0,0,0,0,0,,
thermos_03s,0,0,0,0,0,,
thermos_04s,0,0,1,0,0,,
thermos_05s,0,0,0,0,0,,
thermos_06s,0,0,1,1,0,,
thermos_07s,0,0,0,0,0,,
thermos_08s,0,0,1,0,0,,
thermos_09s,0,0,1,0,0,,
thermos_10s,0,0,1,1,1,,
thermos_11s,0,0,0,0,0,,
thermos_12s,0,0,0,0,0,,
thermostat_01b,0,0,1,0,0,,
thermostat_02s,0,0,1,1,0,,
thermostat_03s,0,1,1,0,0,1,0
thermostat_04s,0,1,1,1,0,1,0
thermostat_05s,0,0,1,1,0,,
thermostat_06s,0,1,1,1,0,1,0
thermostat_07s,0,0,1,1,0,,
thermostat_08s,0,0,1,1,0,,
thermostat_09s,0,0,1,1,0,,
thermostat_10s,0,0,1,1,0,,
thermostat_11s,0,1,1,1,0,1,0
thermostat_12s,0,0,1,1,0,,
thimble_01b,0,0,1,0,0,,
thimble_02s,0,0,1,0,0,,
thimble_03n,0,0,0,0,0,,
thimble_04n,0,0,0,0,0,,
thimble_05n,0,0,0,0,0,,
thimble_06n,0,0,0,0,1,,
thimble_07s,0,0,0,1,0,,
thimble_08n,0,0,1,0,0,,
thimble_09n,0,0,0,1,0,,
thimble_10n,0,0,0,1,0,,
thimble_11s,0,0,1,0,0,,
thimble_12s,0,0,1,0,0,,
thumbtack_01b,0,0,0,0,1,,
thumbtack_02s,0,0,0,0,1,,
thumbtack_03s,0,0,0,0,0,,
thumbtack_04s,0,0,0,0,0,,
thumbtack_05s,0,1,0,0,0,1,0
thumbtack_06s,0,0,1,0,1,,
thumbtack_07s,0,0,1,0,0,,
thumbtack_08s,0,0,1,0,0,,
thumbtack_09s,0,0,0,0,0,,
thumbtack_10s,0,0,0,0,0,,
thumbtack_11s,0,0,0,0,0,,
thumbtack_12s,0,0,0,0,0,,
tiara_01b,0,1,0,0,0,1,0
tiara_02s,0,0,0,0,0,,
tiara_03s,0,0,0,0,0,,
tiara_04s,0,0,0,0,0,,
tiara_05s,0,0,0,0,0,,
tiara_06s,0,0,0,0,0,,
tiara_07s,0,0,0,0,0,,
tiara_08s,0,0,0,0,0,,
tiara_09s,0,0,0,0,0,,
tiara_10s,0,0,0,0,0,,
tiara_11s,0,0,0,0,0,,
tiara_12s,0,0,0,0,0,,
tie_01b,0,0,0,0,0,,
tie_02s,0,0,1,0,0,,
tie_03s,0,0,0,1,1,,
tie_04s,0,0,0,0,0,,
tie_05s,0,0,0,0,0,,
tie_06s,0,0,0,0,1,,
tie_07s,0,0,0,1,0,,
tie_08s,0,0,0,0,0,,
tie_09s,0,0,0,0,1,,
tie_10s,0,0,0,0,0,,
tie_11s,0,0,0,0,0,,
tie_12s,0,0,0,1,0,,
tiger_01b,1,1,0,0,0,0,0
tiger_02s,1,1,0,0,0,0,0
tiger_03s,1,1,0,0,0,0,0
tiger_04s,1,1,0,0,0,0,0
tiger_05s,1,1,0,0,0,0,0
tiger_06s,1,1,0,0,0,0,0
tiger_07s,1,1,0,0,0,0,0
tiger_08s,1,1,0,0,0,0,0
tiger_09s,1,1,0,0,0,0,0
tiger_10s,1,1,0,0,0,0,0
tiger_11s,1,1,0,0,0,0,0
tiger_12n,1,1,0,0,0,0,0
tiramisu_01b,0,0,0,0,0,,
tiramisu_02s,0,0,0,0,0,,
tiramisu_03s,0,0,0,0,0,,
tiramisu_04s,0,0,0,0,0,,
tiramisu_05s,0,0,0,0,0,,
tiramisu_06s,0,0,0,0,0,,
tiramisu_07s,0,0,0,0,0,,
tiramisu_08s,0,0,0,0,0,,
tiramisu_09s,0,0,0,0,0,,
tiramisu_10s,0,0,0,0,0,,
tiramisu_11s,0,0,0,0,0,,
tiramisu_12s,0,0,0,0,0,,
toast_01b,0,0,0,0,1,,
toast_02s,0,0,0,0,0,,
toast_03s,0,0,0,0,0,,
toast_04s,0,0,0,0,1,,
toast_05s,0,0,0,0,1,,
toast_06s,0,0,0,0,0,,
toast_07s,0,0,0,0,1,,
toast_08s,0,0,0,0,1,,
toast_09s,0,0,0,0,1,,
toast_10s,0,0,0,0,0,,
toast_11s,0,0,0,0,0,,
toast_12s,0,0,0,0,0,,
toaster_01b,0,0,0,0,0,,
toaster_02s,0,0,0,0,0,,
toaster_03s,0,0,1,0,1,,
toaster_04s,0,0,0,0,0,,
toaster_05s,0,0,1,0,1,,
toaster_06s,0,0,1,0,1,,
toaster_07s,0,0,0,1,1,,
toaster_08s,0,0,1,0,0,,
toaster_09s,0,0,0,0,1,,
toaster_10s,0,0,0,0,0,,
toaster_11s,0,0,1,0,1,,
toaster_12s,0,0,1,0,0,,
toilet_01b,0,0,0,0,0,,
toilet_02s,0,0,0,0,0,,
toilet_03s,0,0,0,0,0,,
toilet_04s,0,0,0,0,0,,
toilet_05s,0,0,0,0,0,,
toilet_06s,0,0,0,0,0,,
toilet_07s,0,0,0,0,0,,
toilet_08s,0,0,0,0,0,,
toilet_09s,0,0,0,0,0,,
toilet_10s,0,0,0,0,0,,
toilet_11n,0,0,0,0,0,,
toilet_12s,0,0,0,0,0,,
toilet_paper_01b,0,0,0,0,0,,
toilet_paper_02s,0,0,0,1,0,,
toilet_paper_03s,0,0,0,1,0,,
toilet_paper_04s,0,0,0,0,0,,
toilet_paper_05s,0,0,0,1,1,,
toilet_paper_06s,0,1,0,0,0,1,0
toilet_paper_07s,0,0,0,1,0,,
toilet_paper_08s,0,0,0,0,0,,
toilet_paper_09s,0,0,0,0,0,,
toilet_paper_10s,0,0,0,0,0,,
toilet_paper_11s,0,0,0,0,0,,
toilet_paper_12s,0,0,0,0,0,,
tomato_01b,0,0,0,0,1,,
tomato_02s,0,1,0,0,1,1,0
tomato_03s,0,0,0,0,1,,
tomato_04s,0,0,0,0,1,,
tomato_05s,0,0,0,0,1,,
tomato_06s,0,0,0,0,1,,
tomato_07s,0,0,0,0,1,,
tomato_08s,0,0,0,0,1,,
tomato_09n,0,0,0,0,1,,
tomato_10n,0,0,0,0,1,,
tomato_11s,0,0,0,0,1,,
tomato_12s,0,0,0,0,1,,
tongs_01s,0,0,0,0,0,,
tongs_02s,0,0,0,0,0,,
tongs_03s,0,0,0,0,0,,
tongs_04s,0,0,0,0,0,,
tongs_05s,0,0,0,0,0,,
tongs_06s,0,0,0,0,1,,
tongs_07s,0,0,0,0,0,,
tongs_08s,0,0,0,0,0,,
tongs_09s,0,0,0,0,1,,
tongs_10s,0,0,0,0,0,,
tongs_11s,0,0,0,0,0,,
tongs_12s,0,0,0,0,0,,
tongue_01s,1,0,0,0,0,1,0
tongue_02s,1,0,0,0,0,1,0
tongue_03s,1,0,0,0,0,1,0
tongue_04s,1,0,0,0,0,1,0
tongue_05s,1,0,0,0,0,1,0
tongue_06s,1,0,0,0,0,1,0
tongue_07s,1,0,0,0,0,1,0
tongue_08s,1,0,0,0,0,1,0
tongue_09s,1,0,0,0,0,1,0
tongue_10s,1,0,0,0,0,1,0
tongue_11s,1,0,0,0,0,1,0
tongue_12s,1,0,0,0,0,1,0
toolbox_01b,0,0,0,0,0,,
toolbox_02s,0,0,0,0,0,,
toolbox_03s,0,0,0,0,0,,
toolbox_04s,0,0,1,0,0,,
toolbox_05s,0,0,0,0,1,,
toolbox_06s,0,0,0,0,1,,
toolbox_07s,0,0,0,0,0,,
toolbox_08s,0,0,0,0,0,,
toolbox_09s,0,0,0,0,0,,
toolbox_10s,0,0,0,0,0,,
toolbox_11s,0,0,0,0,0,,
toolbox_12s,0,0,1,0,0,,
toothpick_01b,0,0,0,0,1,,
toothpick_02s,0,0,0,0,1,,
toothpick_03s,0,0,0,0,1,,
toothpick_04s,0,0,0,0,1,,
toothpick_05s,0,0,0,0,1,,
toothpick_06s,0,0,0,0,1,,
toothpick_07s,0,0,0,0,1,,
toothpick_08s,0,0,0,0,0,,
toothpick_09s,0,1,0,0,0,1,0
toothpick_10s,0,0,0,0,1,,
toothpick_11s,0,0,0,0,1,,
toothpick_12s,0,0,0,0,1,,
tortilla_01b,0,0,0,0,1,,
tortilla_02s,0,0,0,0,1,,
tortilla_03s,0,0,0,0,1,,
tortilla_04s,0,0,0,0,1,,
tortilla_05s,0,0,0,0,0,,
tortilla_06s,0,0,0,0,1,,
tortilla_07s,0,0,0,0,1,,
tortilla_08s,0,0,0,0,1,,
tortilla_09s,0,0,0,0,1,,
tortilla_10s,0,0,0,0,1,,
tortilla_11s,0,0,0,0,1,,
tortilla_12s,0,0,0,0,0,,
toucan_01b,0,0,0,0,0,,
toucan_02s,0,0,0,0,0,,
toucan_03s,0,0,0,0,0,,
toucan_04s,0,0,0,0,0,,
toucan_05s,0,0,0,0,0,,
toucan_06s,0,0,0,0,0,,
toucan_07s,0,0,0,0,0,,
toucan_08s,0,0,0,0,0,,
toucan_09s,0,0,0,0,0,,
toucan_10s,0,0,0,0,0,,
toucan_11s,0,0,0,0,0,,
toucan_12s,0,0,0,0,0,,
touchpad_01b,0,0,0,0,0,,
touchpad_02s,0,1,1,0,0,1,0
touchpad_03s,0,0,1,0,0,,
touchpad_04s,0,1,1,0,0,1,0
touchpad_05s,0,0,1,0,0,,
touchpad_06s,0,1,1,0,0,1,0
touchpad_07s,0,0,1,0,0,,
touchpad_08s,0,0,0,0,0,,
touchpad_09s,0,0,0,0,0,,
touchpad_10s,0,0,0,0,0,,
touchpad_11s,0,0,1,0,0,,
touchpad_12s,0,0,1,0,0,,
towel_01b,0,0,0,0,1,,
towel_02s,0,0,0,0,1,,
towel_03s,0,0,0,0,1,,
towel_04s,0,0,0,0,1,,
towel_05s,0,0,0,0,1,,
towel_06s,0,0,0,0,1,,
towel_07s,0,0,0,0,1,,
towel_08s,0,0,0,0,1,,
towel_09s,0,0,0,0,1,,
towel_10s,0,0,0,0,1,,
towel_11n,0,0,0,0,1,,
towel_12s,0,0,0,0,1,,
towel_rack_01b,0,0,0,0,1,,
towel_rack_02s,0,0,0,0,0,,
towel_rack_03s,0,0,0,0,1,,
towel_rack_04s,0,0,0,0,1,,
towel_rack_05s,0,0,0,0,1,,
towel_rack_06s,0,0,0,0,0,,
towel_rack_07s,0,0,0,0,0,,
towel_rack_08s,0,0,0,0,1,,
towel_rack_09s,0,0,0,0,0,,
towel_rack_10s,0,0,0,1,0,,
towel_rack_11s,0,0,0,0,1,,
towel_rack_12s,0,0,0,0,0,,
tractor_01b,0,0,0,0,0,,
tractor_02n,0,0,1,0,0,,
tractor_03s,0,0,1,0,0,,
tractor_04s,0,0,1,0,0,,
tractor_05n,1,1,1,0,0,1,0
tractor_06s,0,0,0,0,0,,
tractor_07n,0,0,1,0,0,,
tractor_08s,0,0,1,0,0,,
tractor_09n,0,0,1,0,0,,
tractor_10n,0,0,0,0,0,,
tractor_11s,0,0,0,1,0,,
tractor_12s,0,0,1,0,0,,
train_01b,0,1,1,0,0,1,0
train_02s,0,0,1,0,0,,
train_03s,0,0,1,0,0,,
train_04s,0,0,1,0,0,,
train_05s,0,1,1,1,0,1,0
train_06s,0,0,0,1,0,,
train_07s,0,0,1,0,0,,
train_08s,0,0,1,0,0,,
train_09s,0,0,1,0,0,,
train_10n,0,0,0,0,0,,
train_11n,0,0,0,1,0,,
train_12n,0,0,1,1,0,,
trap_01b,0,0,0,0,0,,
trap_02s,0,0,0,0,0,,
trap_03s,1,1,0,0,0,0,0
trap_04s,1,1,0,0,0,1,0
trap_05s,0,0,0,0,0,,
trap_06s,1,1,0,0,0,1,0
trap_07s,0,0,0,0,0,,
trap_08s,1,1,0,0,0,0,0
trap_09s,0,0,0,0,0,,
trap_10s,0,0,0,0,0,,
trap_11s,1,1,0,0,0,1,0
trap_12s,0,0,0,0,1,,
trashcan_01b,0,0,0,0,1,,
trashcan_02s,0,0,0,0,0,,
trashcan_03s,0,0,0,0,0,,
trashcan_04s,0,0,1,0,0,,
trashcan_05s,0,0,1,0,0,,
trashcan_06s,0,0,0,0,0,,
trashcan_07s,0,0,0,0,0,,
trashcan_08s,0,0,0,0,1,,
trashcan_09s,0,0,0,0,0,,
trashcan_10n,0,0,0,0,0,,
trashcan_11s,0,0,0,0,0,,
trashcan_12s,0,0,0,0,0,,
tray_01s,0,0,1,0,0,,
tray_02s,0,0,0,0,0,,
tray_03s,0,0,0,0,0,,
tray_04s,0,0,0,0,0,,
tray_05s,0,0,0,0,0,,
tray_06s,0,0,0,0,0,,
tray_07s,0,0,0,0,0,,
tray_08s,0,0,1,0,0,,
tray_09s,0,0,1,1,0,,
tray_10s,0,0,0,0,0,,
tray_11s,0,0,0,0,0,,
tray_12s,0,0,1,0,0,,
treadmill_01b,0,0,0,0,0,,
treadmill_02s,0,0,1,1,0,,
treadmill_03s,0,0,0,0,0,,
treadmill_04s,0,1,0,0,1,1,0
treadmill_05s,0,0,0,0,1,,
treadmill_06s,1,1,1,0,0,1,0
treadmill_07n,0,0,1,0,0,,
treadmill_08s,0,0,0,0,0,,
treadmill_09n,0,1,0,0,0,1,0
treadmill_10s,0,0,0,0,0,,
treadmill_11s,0,0,0,0,0,,
treadmill_12n,0,0,1,0,0,,
tree_01b,0,0,0,0,0,,
tree_02s,0,0,0,0,0,,
tree_03s,0,0,0,0,0,,
tree_04s,0,0,0,0,0,,
tree_05s,0,0,0,0,0,,
tree_06s,0,0,0,0,0,,
tree_07s,0,0,0,0,0,,
tree_08s,0,0,0,0,0,,
tree_09s,0,0,0,0,0,,
tree_10s,0,0,0,0,0,,
tree_11s,0,0,0,0,0,,
tree_12s,0,0,0,0,0,,
tree_trunk_01b,0,0,0,0,0,,
tree_trunk_02s,0,0,0,0,0,,
tree_trunk_03s,0,0,0,0,0,,
tree_trunk_04s,0,0,0,0,0,,
tree_trunk_05s,0,0,0,0,0,,
tree_trunk_06s,0,0,0,0,0,,
tree_trunk_07s,0,0,0,0,0,,
tree_trunk_08s,0,0,0,0,0,,
tree_trunk_09s,0,0,0,0,0,,
tree_trunk_10s,0,0,0,0,0,,
tree_trunk_11s,0,0,0,0,0,,
tree_trunk_12s,0,1,0,0,0,1,0
trowel_01s,0,0,1,0,0,,
trowel_02s,0,0,1,0,0,,
trowel_03s,0,0,0,0,0,,
trowel_04s,0,0,1,0,0,,
trowel_05s,0,0,0,0,0,,
trowel_06s,0,1,0,0,0,1,0
trowel_07s,0,0,1,0,0,,
trowel_08s,0,0,0,0,0,,
trowel_09s,0,0,0,0,0,,
trowel_10s,0,0,0,0,0,,
trowel_11s,0,0,1,0,0,,
trowel_12s,0,0,1,0,0,,
truck_01b,0,0,1,0,0,,
truck_02s,0,0,1,1,0,,
truck_03s,0,0,1,0,0,,
truck_04n,0,0,1,0,0,,
truck_05s,0,0,1,0,0,,
truck_06s,0,0,0,0,0,,
truck_07s,0,0,1,0,0,,
truck_08s,0,0,0,1,0,,
truck_09n,0,0,0,0,0,,
truck_10s,0,0,0,0,0,,
truck_11s,0,0,1,0,0,,
truck_12s,0,0,1,0,0,,
trumpet_01s,0,0,0,0,0,,
trumpet_02s,0,0,0,0,0,,
trumpet_03s,0,0,0,0,0,,
trumpet_04s,0,0,0,0,0,,
trumpet_05s,0,0,0,0,1,,
trumpet_06s,0,0,0,0,0,,
trumpet_07s,0,0,0,0,0,,
trumpet_08s,0,0,0,0,0,,
trumpet_09s,0,0,0,1,0,,
trumpet_10s,0,0,0,0,0,,
trumpet_11s,0,0,0,0,0,,
trumpet_12s,0,1,0,0,1,1,0
tumbleweed_01b,0,0,0,1,0,,
tumbleweed_02n,0,0,0,0,0,,
tumbleweed_03s,0,0,0,0,0,,
tumbleweed_04s,0,0,0,0,0,,
tumbleweed_05s,0,0,0,0,0,,
tumbleweed_06s,0,0,0,0,0,,
tumbleweed_07s,0,0,0,0,0,,
tumbleweed_08n,0,0,0,0,0,,
tumbleweed_09s,0,0,0,0,0,,
tumbleweed_10s,0,0,0,0,0,,
tumbleweed_11s,0,0,0,0,0,,
tumbleweed_12s,0,0,0,0,0,,
turtle_01b,0,0,0,0,0,,
turtle_02s,0,0,0,0,0,,
turtle_03s,0,0,0,0,0,,
turtle_04s,0,0,0,0,0,,
turtle_05n,0,0,0,0,0,,
turtle_06s,0,0,0,0,0,,
turtle_07s,0,0,0,0,0,,
turtle_08s,0,0,0,0,0,,
turtle_09n,0,0,0,0,0,,
turtle_10n,0,0,0,0,0,,
turtle_11s,0,0,0,0,0,,
turtle_12s,0,0,0,0,0,,
tuxedo_01b,0,1,0,0,0,1,0
tuxedo_02s,0,1,0,0,0,1,0
tuxedo_03s,0,1,0,0,0,1,0
tuxedo_04s,0,1,0,0,0,1,0
tuxedo_05s,0,1,0,0,0,1,0
tuxedo_06s,0,1,0,0,0,1,0
tuxedo_07s,0,1,0,0,0,1,0
tuxedo_08s,1,1,0,0,0,1,0
tuxedo_09s,0,1,0,0,0,1,0
tuxedo_10s,0,1,0,0,0,1,0
tuxedo_11s,0,1,0,0,0,1,0
tuxedo_12s,0,1,0,0,0,1,0
tweezers_01b,0,0,0,0,0,,
tweezers_02s,0,0,0,0,0,,
tweezers_03s,0,0,1,0,0,,
tweezers_04s,0,0,1,0,0,,
tweezers_05s,0,0,0,0,0,,
tweezers_06s,0,0,1,0,0,,
tweezers_07s,0,0,0,0,0,,
tweezers_08s,0,0,0,0,1,,
tweezers_09s,0,0,0,0,0,,
tweezers_10s,0,0,0,0,1,,
tweezers_11s,0,0,0,0,0,,
tweezers_12s,0,0,0,0,0,,
typewriter_01b,0,0,1,0,0,,
typewriter_02s,0,0,1,0,0,,
typewriter_03s,0,0,1,0,0,,
typewriter_04s,0,0,1,0,0,,
typewriter_05s,0,0,1,0,0,,
typewriter_06s,0,0,1,0,0,,
typewriter_07s,0,0,1,0,0,,
typewriter_08s,0,0,1,0,0,,
typewriter_09s,0,0,1,0,0,,
typewriter_10n,0,0,1,0,0,,
typewriter_11s,0,0,1,0,0,,
typewriter_12s,0,0,1,0,0,,
ukulele_01b,0,1,0,0,0,1,0
ukulele_02s,0,1,0,0,0,1,0
ukulele_03s,0,0,0,0,0,,
ukulele_04s,0,1,0,0,0,1,0
ukulele_05s,1,1,0,0,0,1,0
ukulele_06s,0,0,0,0,1,,
ukulele_07s,0,1,1,0,0,1,0
ukulele_08s,1,1,0,0,0,1,0
ukulele_09s,1,1,0,0,0,1,0
ukulele_10s,0,0,0,0,1,,
ukulele_11s,0,0,0,0,0,,
ukulele_12s,0,0,0,0,1,,
umbrella_01b,0,0,0,0,0,,
umbrella_02s,0,1,0,1,0,1,0
umbrella_03s,0,0,0,0,0,,
umbrella_04s,0,0,1,0,0,,
umbrella_05s,0,0,0,0,1,,
umbrella_06s,0,1,0,0,0,1,0
umbrella_07s,0,0,0,0,0,,
umbrella_08s,0,0,0,1,0,,
umbrella_09s,0,0,0,0,0,,
umbrella_10s,0,0,1,0,0,,
umbrella_11s,0,1,0,0,0,1,0
umbrella_12s,0,0,0,0,0,,
undershirt_01s,0,1,0,0,0,1,0
undershirt_02s,0,1,0,0,0,1,0
undershirt_03s,0,1,0,0,0,1,0
undershirt_04s,0,1,0,0,0,1,0
undershirt_05s,0,1,0,0,0,0,0
undershirt_06s,0,1,0,0,0,0,0
undershirt_07s,0,1,0,0,0,1,0
undershirt_08s,0,1,0,0,0,1,0
undershirt_09s,0,0,0,0,0,,
undershirt_10s,0,1,0,0,0,0,0
undershirt_11s,0,1,0,0,0,1,0
undershirt_12s,0,1,0,0,0,1,0
uniform_01b,0,0,0,1,0,,
uniform_02s,0,1,0,1,0,1,0
uniform_03s,0,1,0,1,0,1,0
uniform_04s,0,1,0,1,0,1,0
uniform_05s,0,1,0,1,0,1,0
uniform_06s,0,1,0,1,0,1,0
uniform_07s,1,1,0,1,0,1,0
uniform_08s,0,1,0,1,0,1,0
uniform_09s,0,0,0,1,0,,
uniform_10s,0,1,0,1,0,1,0
uniform_11s,0,0,0,0,1,,
uniform_12s,0,1,0,1,0,1,0
urinal_01b,0,0,0,0,1,,
urinal_02s,0,0,0,0,0,,
urinal_03s,0,0,0,0,0,,
urinal_04s,0,0,0,0,0,,
urinal_05s,0,0,1,0,0,,
urinal_06s,0,0,0,0,0,,
urinal_07s,0,0,0,0,0,,
urinal_08s,0,0,1,0,0,,
urinal_09s,0,0,1,0,1,,
urinal_10s,0,0,0,1,0,,
urinal_11s,0,0,0,0,0,,
urinal_12s,0,0,0,0,1,,
valve_01b,0,0,0,0,0,,
valve_02s,0,0,0,0,0,,
valve_03s,0,0,0,0,0,,
valve_04s,0,0,0,0,0,,
valve_05s,0,0,1,0,0,,
valve_06s,0,0,1,0,0,,
valve_07s,0,0,0,0,0,,
valve_08s,0,0,0,0,0,,
valve_09s,0,0,0,0,0,,
valve_10s,0,0,0,0,1,,
valve_11s,0,0,0,0,1,,
valve_12s,0,0,0,0,0,,
vase_01b,0,0,0,0,0,,
vase_02s,0,0,0,0,1,,
vase_03s,0,0,0,0,1,,
vase_04s,0,0,0,0,0,,
vase_05s,0,0,0,0,0,,
vase_06s,0,0,0,0,1,,
vase_07s,0,0,0,0,0,,
vase_08s,0,0,0,0,0,,
vase_09s,0,0,0,0,0,,
vase_10s,0,0,0,0,0,,
vase_11s,0,0,0,0,0,,
vase_12n,0,0,0,0,0,,
velcro_01b,0,0,0,0,0,,
velcro_02s,0,0,0,0,0,,
velcro_03s,0,0,0,0,0,,
velcro_04s,0,0,0,0,0,,
velcro_05s,0,1,0,0,0,1,0
velcro_06s,0,0,0,0,0,,
velcro_07s,0,0,0,0,0,,
velcro_08s,0,0,0,0,0,,
velcro_09s,0,1,0,0,0,1,0
velcro_10s,0,0,0,0,0,,
velcro_11s,0,0,0,0,0,,
velcro_12s,0,0,0,0,0,,
videocassette_01b,0,0,0,0,1,,
videocassette_02n,0,0,1,0,0,,
videocassette_03s,0,1,1,0,0,1,0
videocassette_04n,0,0,0,0,0,,
videocassette_05n,0,0,1,0,0,,
videocassette_06s,0,0,1,0,0,,
videocassette_07n,0,0,1,0,1,,
videocassette_08n,0,0,1,0,1,,
videocassette_09s,1,0,1,0,0,0,0
videocassette_10n,0,0,1,0,1,,
videocassette_11n,0,0,1,0,1,,
videocassette_12n,0,0,1,1,0,,
viewfinder_01s,0,0,0,1,0,,
viewfinder_02s,0,0,1,1,0,,
viewfinder_03s,0,0,1,0,0,,
viewfinder_04s,0,0,0,0,0,,
viewfinder_05s,0,0,0,0,0,,
viewfinder_06s,0,0,0,0,0,,
viewfinder_07s,0,0,1,0,0,,
viewfinder_08s,0,0,1,0,0,,
viewfinder_09s,0,0,1,1,0,,
viewfinder_10s,0,0,1,1,0,,
viewfinder_11s,0,1,0,1,0,1,0
viewfinder_12s,0,0,1,1,0,,
violin_01b,0,0,0,1,0,,
violin_02s,0,0,0,1,1,,
violin_03n,0,0,0,1,1,,
violin_04s,0,1,0,1,0,1,0
violin_05s,0,0,0,1,0,,
violin_06s,0,0,0,1,0,,
violin_07n,0,0,0,1,0,,
violin_08s,0,0,0,1,0,,
violin_09s,1,1,0,1,0,1,0
violin_10n,0,0,0,1,0,,
violin_11s,0,0,0,1,0,,
violin_12n,0,0,0,1,0,,
waffle_iron_01b,0,0,0,0,0,,
waffle_iron_02s,0,0,0,0,0,,
waffle_iron_03s,0,0,1,0,0,,
waffle_iron_04s,0,0,0,0,1,,
waffle_iron_05s,0,0,0,0,0,,
waffle_iron_06s,0,0,1,0,0,,
waffle_iron_07s,0,1,0,0,0,1,0
waffle_iron_08s,0,0,0,0,0,,
waffle_iron_09s,0,0,0,0,0,,
waffle_iron_10s,0,0,1,1,0,,
waffle_iron_11s,0,0,1,0,0,,
waffle_iron_12s,0,0,0,0,0,,
walker1_01b,0,1,0,0,0,1,0
walker1_02s,0,0,0,0,0,,
walker1_03s,0,0,0,0,0,,
walker1_04s,0,1,0,0,0,1,0
walker1_05s,0,0,0,0,0,,
walker1_06s,0,0,0,0,0,,
walker1_07s,0,0,0,0,0,,
walker1_08s,0,0,1,0,0,,
walker1_09s,0,0,0,0,0,,
walker1_10s,0,0,0,0,0,,
walker1_11s,0,0,0,0,0,,
walker1_12s,0,0,0,1,0,,
wall_01b,0,0,0,0,0,,
wall_02s,0,0,1,0,0,,
wall_03s,0,0,0,0,0,,
wall_04s,0,0,0,0,0,,
wall_05s,0,0,0,0,0,,
wall_06s,0,0,0,0,0,,
wall_07s,0,0,0,0,0,,
wall_08s,0,0,0,0,0,,
wall_09s,0,0,0,0,0,,
wall_10s,0,0,0,0,0,,
wall_11s,0,0,0,0,0,,
wall_12s,0,0,0,0,0,,
wallet_01b,0,0,0,0,0,,
wallet_02s,0,0,1,1,0,,
wallet_03s,0,1,1,0,0,1,0
wallet_04s,0,1,0,0,0,1,0
wallet_05s,0,0,0,0,0,,
wallet_06s,0,1,1,0,0,1,0
wallet_07s,1,0,1,0,0,0,0
wallet_08s,0,1,1,1,0,0,0
wallet_09s,0,0,1,0,0,,
wallet_10s,0,0,1,0,0,,
wallet_11s,0,0,0,0,0,,
wallet_12s,0,1,0,0,0,1,0
wallpaper_01b,0,0,0,0,0,,
wallpaper_02s,0,0,0,1,0,,
wallpaper_03s,0,0,0,0,0,,
wallpaper_04s,0,0,0,0,0,,
wallpaper_05s,0,0,0,0,0,,
wallpaper_06s,0,0,0,0,0,,
wallpaper_07s,0,0,0,0,0,,
wallpaper_08s,0,0,0,1,0,,
wallpaper_09s,0,0,0,0,0,,
wallpaper_10s,0,0,0,0,0,,
wallpaper_11s,0,0,0,0,0,,
wallpaper_12s,0,0,0,0,0,,
walnut_01b,0,0,0,0,1,,
walnut_02s,0,0,0,0,0,,
walnut_03n,0,0,0,0,0,,
walnut_04n,0,0,0,0,1,,
walnut_05s,0,0,0,0,1,,
walnut_06n,0,0,0,0,1,,
walnut_07s,0,0,0,0,1,,
walnut_08n,0,0,0,0,1,,
walnut_09n,0,0,0,0,1,,
walnut_10s,0,0,0,0,1,,
walnut_11s,0,0,0,0,1,,
walnut_12n,0,0,0,0,1,,
walrus_01b,1,1,0,0,0,0,0
walrus_02n,1,1,0,0,1,0,0
walrus_03s,1,1,0,0,0,0,0
walrus_04s,1,1,0,0,0,0,0
walrus_05s,1,1,0,0,0,0,0
walrus_06s,1,1,0,0,0,0,0
walrus_07s,1,1,0,0,0,0,0
walrus_08s,1,1,0,0,0,0,0
walrus_09s,1,1,0,0,0,0,0
walrus_10s,1,1,0,0,0,0,0
walrus_11s,1,1,0,0,1,0,0
walrus_12s,1,1,0,0,0,0,0
wand_01s,0,0,0,0,1,,
wand_02s,0,0,0,0,1,,
wand_03s,0,0,0,0,1,,
wand_04s,0,0,0,0,1,,
wand_05n,0,0,1,0,1,,
wand_06s,0,0,0,0,1,,
wand_07s,0,0,0,0,1,,
wand_08s,0,0,0,1,0,,
wand_09s,0,0,0,0,1,,
wand_10s,0,0,0,0,1,,
wand_11n,0,0,0,0,0,,
wand_12s,0,1,0,0,0,1,0
warthog_01b,1,1,0,0,0,0,0
warthog_02s,1,1,0,0,1,0,0
warthog_03s,1,1,0,0,0,0,0
warthog_04n,1,1,0,0,0,0,0
warthog_05s,1,1,0,0,0,0,0
warthog_06s,1,1,0,0,0,0,0
warthog_07s,1,1,0,0,0,0,0
warthog_08s,1,1,0,0,0,0,0
warthog_09s,1,1,0,0,0,0,0
warthog_10s,1,1,0,0,0,0,0
warthog_11s,1,1,0,0,0,0,0
warthog_12s,1,1,0,0,1,0,0
washboard_01b,0,0,1,0,0,,
washboard_02s,0,0,1,0,0,,
washboard_03s,0,0,1,0,0,,
washboard_04s,0,0,0,0,0,,
washboard_05s,0,0,1,0,0,,
washboard_06s,0,0,1,0,0,,
washboard_07s,0,1,0,0,0,1,0
washboard_08s,0,0,0,0,0,,
washboard_09s,0,0,1,0,0,,
washboard_10s,0,0,1,0,0,,
washboard_11s,0,0,0,0,0,,
washboard_12s,0,0,0,0,0,,
wasp_01b,0,0,0,0,0,,
wasp_02s,0,0,0,0,0,,
wasp_03s,0,0,0,0,0,,
wasp_04s,0,0,0,0,0,,
wasp_05s,0,0,0,0,0,,
wasp_06s,0,0,0,0,0,,
wasp_07s,0,0,0,0,0,,
wasp_08s,0,0,0,0,0,,
wasp_09n,0,0,0,0,0,,
wasp_10s,0,0,0,0,0,,
wasp_11s,0,0,0,0,0,,
wasp_12s,0,0,0,0,0,,
watch_01b,0,1,1,0,0,1,0
watch_02s,0,0,1,0,0,,
watch_03s,0,1,0,0,0,1,0
watch_04s,0,1,1,1,0,1,0
watch_05s,0,1,0,0,0,1,0
watch_06s,0,1,1,0,0,1,0
watch_07s,0,1,1,1,0,1,0
watch_08s,0,1,1,1,0,1,0
watch_09s,0,1,1,0,0,1,0
watch_10s,0,1,1,0,0,1,0
watch_11s,0,1,1,0,0,1,0
watch_12s,0,1,1,0,0,1,0
water_fountain_01b,0,0,0,0,0,,
water_fountain_02s,0,0,0,0,0,,
water_fountain_03s,0,0,1,0,0,,
water_fountain_04s,0,0,0,0,0,,
water_fountain_05s,0,0,0,0,0,,
water_fountain_06s,0,1,0,0,0,1,0
water_fountain_07s,0,0,1,0,0,,
water_fountain_08s,0,0,0,0,0,,
water_fountain_09s,0,1,0,0,0,1,0
water_fountain_10s,0,0,0,0,0,,
water_fountain_11s,0,0,0,0,1,,
water_fountain_12s,0,0,0,0,0,,
weasel_01b,1,1,0,0,0,0,0
weasel_02s,1,1,0,0,0,0,0
weasel_03n,1,1,0,0,0,0,0
weasel_04s,1,1,0,0,0,0,0
weasel_05n,1,1,0,0,0,0,0
weasel_06s,1,1,0,0,0,0,0
weasel_07s,1,1,0,0,0,0,0
weasel_08s,1,1,0,0,0,0,0
weasel_09s,1,1,0,0,0,0,0
weasel_10s,1,1,0,0,0,0,0
weasel_11n,1,1,0,0,0,0,0
weasel_12s,1,1,0,0,1,0,0
whale_01b,0,1,0,0,0,0,0
whale_02s,0,1,0,0,0,0,0
whale_03s,0,1,0,0,0,0,0
whale_04s,1,1,0,0,0,0,0
whale_05s,1,1,0,0,0,0,0
whale_06s,1,1,0,0,0,0,0
whale_07s,1,1,0,0,0,0,0
whale_08s,1,1,0,0,0,0,0
whale_09s,0,1,0,0,0,0,0
whale_10s,0,1,0,0,0,0,0
whale_11s,1,1,0,0,0,0,0
whale_12s,1,1,0,0,0,0,0
wheat_01b,0,0,0,0,1,,
wheat_02s,0,0,0,0,1,,
wheat_03n,0,0,0,0,1,,
wheat_04s,0,0,0,0,1,,
wheat_05n,0,0,0,0,1,,
wheat_06s,0,0,0,0,1,,
wheat_07s,0,0,0,0,1,,
wheat_08n,0,0,0,0,1,,
wheat_09n,0,0,0,0,1,,
wheat_10s,0,0,0,0,1,,
wheat_11s,0,1,0,0,1,1,0
wheat_12s,0,0,0,0,0,,
wheelbarrow_01b,0,0,0,0,0,,
wheelbarrow_02s,0,0,1,0,0,,
wheelbarrow_03s,0,0,1,0,0,,
wheelbarrow_04s,0,0,0,0,0,,
wheelbarrow_05s,0,1,0,0,0,1,0
wheelbarrow_06s,0,0,1,0,0,,
wheelbarrow_07s,1,0,0,0,0,1,0
wheelbarrow_08s,0,0,0,0,0,,
wheelbarrow_09s,0,0,0,0,0,,
wheelbarrow_10s,0,0,0,0,0,,
wheelbarrow_11s,0,0,0,0,0,,
wheelbarrow_12s,0,0,0,0,0,,
wheelchair_01b,0,0,0,0,0,,
wheelchair_02s,0,0,0,0,0,,
wheelchair_03n,0,0,0,0,0,,
wheelchair_04n,0,0,0,0,0,,
wheelchair_05s,0,0,0,0,0,,
wheelchair_06s,0,0,1,0,0,,
wheelchair_07n,0,0,0,0,0,,
wheelchair_08s,0,0,0,0,0,,
wheelchair_09n,0,0,0,0,0,,
wheelchair_10n,0,0,0,0,0,,
wheelchair_11n,0,0,1,1,0,,
wheelchair_12n,0,0,1,0,0,,
whip_01b,0,0,0,0,0,,
whip_02s,0,0,0,0,0,,
whip_03s,0,0,0,0,0,,
whip_04s,0,0,0,0,0,,
whip_05s,0,0,0,0,0,,
whip_06s,0,0,0,0,0,,
whip_07s,0,0,0,0,0,,
whip_08s,0,0,0,0,0,,
whip_09s,0,0,0,0,0,,
whip_10s,0,0,0,0,0,,
whip_11s,0,0,0,0,0,,
whip_12s,0,0,0,0,0,,
whisk_01b,0,0,0,0,0,,
whisk_02s,0,0,0,0,0,,
whisk_03s,0,0,0,0,1,,
whisk_04s,0,0,0,0,1,,
whisk_05s,0,0,0,0,0,,
whisk_06s,0,0,0,0,1,,
whisk_07s,0,0,0,0,0,,
whisk_08s,0,0,0,0,0,,
whisk_09s,0,0,0,0,0,,
whisk_10s,0,0,0,0,1,,
whisk_11s,0,0,0,0,1,,
whisk_12s,0,0,0,0,1,,
wig_01s,1,0,0,0,0,0,0
wig_02s,1,0,0,0,0,0,0
wig_03s,0,1,0,0,0,1,0
wig_04s,0,1,0,0,0,1,0
wig_05s,1,0,0,0,0,0,0
wig_06s,1,0,0,0,0,0,0
wig_07s,1,0,0,0,1,0,0
wig_08s,1,0,0,0,0,0,0
wig_09s,1,0,0,0,0,0,0
wig_10s,1,0,0,0,0,0,0
wig_11s,1,0,0,0,1,0,0
wig_12s,1,0,0,0,0,0,0
windowsill_01b,0,0,0,0,0,,
windowsill_02s,0,0,0,0,0,,
windowsill_03s,0,0,0,0,0,,
windowsill_04s,0,0,0,0,0,,
windowsill_05s,0,1,0,0,0,1,0
windowsill_06s,0,0,0,0,0,,
windowsill_07s,0,0,0,0,0,,
windowsill_08s,0,0,0,0,0,,
windowsill_09s,0,0,0,0,0,,
windowsill_10s,0,0,0,0,0,,
windowsill_11s,0,0,0,0,0,,
windowsill_12s,0,0,0,0,0,,
wine_01b,0,0,0,0,0,,
wine_02s,0,0,0,0,1,,
wine_03s,0,1,0,0,0,1,0
wine_04s,0,1,0,0,1,1,0
wine_05s,0,0,0,0,1,,
wine_06s,0,0,0,0,1,,
wine_07s,0,0,0,0,0,,
wine_08s,0,0,0,0,0,,
wine_09s,0,0,0,0,1,,
wine_10s,0,0,0,0,0,,
wine_11s,0,0,0,0,0,,
wine_12s,0,0,0,0,1,,
wire_01s,0,0,0,0,1,,
wire_02s,0,0,0,0,0,,
wire_03s,0,0,0,0,0,,
wire_04s,0,0,0,0,0,,
wire_05s,0,0,0,0,0,,
wire_06s,0,0,0,0,1,,
wire_07s,0,0,0,0,1,,
wire_08s,0,0,0,0,0,,
wire_09s,0,0,0,0,0,,
wire_10s,0,0,0,0,0,,
wire_11s,0,0,0,0,0,,
wire_12s,0,0,0,0,0,,
wire_cutters_01b,0,0,0,0,0,,
wire_cutters_02s,0,0,0,0,1,,
wire_cutters_03s,0,0,1,0,0,,
wire_cutters_04s,0,0,0,0,0,,
wire_cutters_05s,0,1,0,0,0,1,0
wire_cutters_06s,0,0,1,0,0,,
wire_cutters_07s,0,0,1,0,0,,
wire_cutters_08s,0,0,0,0,0,,
wire_cutters_09s,0,1,0,0,0,1,0
wire_cutters_10s,0,0,1,0,0,,
wire_cutters_11s,0,1,0,0,0,1,0
wire_cutters_12s,0,1,1,0,0,1,0
wolf_01b,1,1,0,0,0,0,0
wolf_02s,1,1,0,0,0,0,0
wolf_03s,1,1,0,0,1,0,0
wolf_04s,1,1,0,0,1,0,0
wolf_05n,1,1,0,0,0,0,0
wolf_06n,1,1,0,0,0,0,0
wolf_07s,1,1,0,0,0,0,0
wolf_08n,1,1,0,0,0,0,0
wolf_09s,1,1,0,0,0,0,0
wolf_10s,1,1,0,0,0,0,0
wolf_11n,1,1,0,0,0,0,0
wolf_12n,1,1,0,0,0,0,0
woman_01b,1,1,0,0,0,1,0
woman_02s,1,1,0,0,0,1,0
woman_03s,1,1,0,0,0,1,0
woman_04s,1,1,0,0,0,1,0
woman_05s,1,1,0,0,0,1,0
woman_06s,1,1,0,0,0,1,0
woman_07s,1,1,0,1,0,1,0
woman_08s,1,1,0,0,0,1,0
woman_09s,1,1,0,0,0,1,0
woman_10s,1,1,0,0,0,1,0
woman_11s,1,1,0,0,0,1,0
woman_12s,1,1,0,0,0,1,0
wooden_leg_01b,0,1,0,0,0,1,0
wooden_leg_02s,0,1,0,0,0,0,0
wooden_leg_03s,0,1,0,0,0,0,0
wooden_leg_04s,0,1,0,0,0,1,0
wooden_leg_05s,0,1,0,0,0,0,0
wooden_leg_06s,0,0,0,0,0,,
wooden_leg_07s,0,1,0,0,0,0,0
wooden_leg_08s,0,0,0,0,0,,
wooden_leg_09s,0,0,0,0,0,,
wooden_leg_10s,0,0,0,0,0,,
wooden_leg_11s,0,1,0,0,0,1,0
wooden_leg_12s,0,1,0,0,0,1,0
worm_01b,0,0,0,0,0,,
worm_02s,0,0,0,0,0,,
worm_03s,0,0,0,0,0,,
worm_04n,0,0,0,0,1,,
worm_05n,0,1,0,0,0,1,0
worm_06s,0,0,0,0,1,,
worm_07n,0,0,0,0,0,,
worm_08n,0,0,0,0,0,,
worm_09n,0,0,0,0,0,,
worm_10s,0,0,0,0,0,,
worm_11s,0,0,0,0,0,,
worm_12s,0,0,0,0,0,,
wrapping_paper_01b,0,0,0,0,0,,
wrapping_paper_02s,0,0,0,0,0,,
wrapping_paper_03s,0,0,0,1,1,,
wrapping_paper_04s,0,0,1,0,1,,
wrapping_paper_05s,0,0,0,1,0,,
wrapping_paper_06s,0,1,0,1,0,1,0
wrapping_paper_07s,0,0,1,1,1,,
wrapping_paper_08s,0,0,1,1,1,,
wrapping_paper_09s,0,0,1,0,0,,
wrapping_paper_10s,0,0,0,1,1,,
wrapping_paper_11s,0,0,0,1,1,,
wrapping_paper_12s,0,0,1,1,0,,
wrench_01b,0,0,1,0,1,,
wrench_02s,0,0,1,0,1,,
wrench_03s,0,0,1,0,1,,
wrench_04s,0,0,0,0,1,,
wrench_05s,0,0,1,0,1,,
wrench_06s,0,0,1,0,1,,
wrench_07s,0,0,1,0,1,,
wrench_08s,0,0,1,0,0,,
wrench_09s,0,0,1,0,0,,
wrench_10s,0,0,1,0,1,,
wrench_11s,0,0,1,0,0,,
wrench_12n,0,0,0,0,0,,
yo-yo_01s,0,0,0,1,0,,
yo-yo_02s,0,0,1,0,0,,
yo-yo_03s,0,0,1,0,0,,
yo-yo_04s,0,0,0,0,0,,
yo-yo_05s,0,0,1,0,0,,
yo-yo_06s,0,0,1,0,1,,
yo-yo_07s,0,0,0,0,0,,
yo-yo_08s,0,0,1,0,0,,
yo-yo_09s,0,0,1,0,0,,
yo-yo_10s,0,0,0,0,0,,
yo-yo_11s,0,0,0,0,0,,
yo-yo_12s,0,0,0,0,0,,
zebra_01b,1,1,0,0,0,0,0
zebra_02s,1,1,0,0,0,0,0
zebra_03s,1,1,0,0,0,0,0
zebra_04s,1,1,0,0,0,0,0
zebra_05s,1,1,0,0,0,0,0
zebra_06s,1,1,0,0,0,0,0
zebra_07s,1,1,0,0,0,0,0
zebra_08s,1,1,0,0,0,0,0
zebra_09s,1,1,0,0,0,0,0
zebra_10s,1,1,0,0,0,0,0
zebra_11s,1,1,0,0,0,0,0
zebra_12s,1,1,0,0,1,0,0
zucchini_01b,0,0,0,0,1,,
zucchini_02s,0,0,0,0,1,,
zucchini_03s,0,0,0,0,1,,
zucchini_04s,0,0,0,0,1,,
zucchini_05s,0,0,0,0,1,,
zucchini_06n,0,0,0,0,1,,
zucchini_07s,0,0,0,0,1,,
zucchini_08n,0,0,0,0,1,,
zucchini_09s,0,0,0,0,1,,
zucchini_10s,0,0,0,0,1,,
zucchini_11s,0,0,0,0,0,,
zucchini_12s,0,0,0,0,1,,
